time,position,velocity,acceleration
0.0,1.0,0.0,-3.9997313500264258
0.01001001001001001,0.9997996062425661,-0.04003735085111537,-3.9989305556662234
0.02002002002002002,0.9991985049769212,-0.08005866978310758,-3.9965270495287673
0.03003003003003003,0.9981969371214966,-0.12004790239323283,-3.99252108161818
0.04004004004004004,0.9967953040687764,-0.15998902176745552,-3.9869149211054036
0.050050050050050046,0.9949941676107169,-0.19986601893187955,-3.979710797549674
0.06006006006006006,0.9927942495591091,-0.23966291160828984,-3.970911686674892
0.07007007007007007,0.9901964316848866,-0.27936375039684236,-3.9605211269098586
0.08008008008008008,0.9872017551515123,-0.31895262385873746,-3.9485432306080086
0.09009009009009009,0.983811420137344,-0.3584136649235292,-3.9349828006590046
0.10010010010010009,0.9800267855636751,-0.3977310583063652,-3.9198452801028325
0.11011011011011011,0.975849368116832,-0.4368890459065689,-3.9031367269847363
0.12012012012012012,0.9712808422050854,-0.475871933721475,-3.884863844108151
0.13013013013013014,0.9663230387176559,-0.514664097840666,-3.8650339540836605
0.14014014014014015,0.9609779447409863,-0.553249990860287,-3.84365500679233
0.15015015015015015,0.9552477025448822,-0.5916141480266986,-3.8207355679147494
0.16016016016016016,0.949134608655098,-0.6297411934211429,-3.7962848200830335
0.17017017017017017,0.9426411130442144,-0.6676158461264591,-3.770312545497806
0.18018018018018017,0.9357698175926144,-0.7052229260637416,-3.7428291579775492
0.19019019019019018,0.9285234763388159,-0.7425473608006843,-3.7138457076380322
0.20020020020020018,0.9209049941274046,-0.7795741914819204,-3.683373844557456
0.21021021021021022,0.9129174255290069,-0.8162885789099427,-3.6514257519035485
0.22022022022022023,0.9045639716905302,-0.8526758081366461,-3.6180141799055647
0.23023023023023023,0.8958479801314434,-0.8887212952243684,-3.5831525354240314
0.24024024024024024,0.8867729439935128,-0.9244105936306207,-3.5468548139508074
0.2502502502502503,0.8773424999088515,-0.9597293996077679,-3.5091355651762344
0.2602602602602603,0.8675604268033866,-0.9946635578984132,-3.4700098956644916
0.2702702702702703,0.8574306462724526,-1.0291990671886386,-3.4294934800132646
0.2802802802802803,0.8469572183664233,-1.063322086026807,-3.3876025631682056
0.2902902902902903,0.8361443404903185,-1.0970189383231372,-3.34435393943635
0.3003003003003003,0.8249963457752028,-1.1302761188483554,-3.2997649391881136
0.3103103103103103,0.8135177021299917,-1.1630802984670434,-3.253853420783729
0.3203203203203203,0.8017130105963859,-1.1954183294746563,-3.206637789458147
0.3303303303303303,0.7895870023285013,-1.2272772512089483,-3.1581369869555025
0.34034034034034033,0.7771445372024802,-1.2586442951794712,-3.108370467470594
0.35035035035035034,0.7643906018667153,-1.2895068901973485,-3.0573581499246685
0.36036036036036034,0.7513303080702621,-1.3198526665493344,-3.0051204534787375
0.37037037037037035,0.7379688902872829,-1.3496694618385645,-2.9516783361406285
0.38038038038038036,0.7243117035966032,-1.3789453259315292,-2.8970532379656664
0.39039039039039036,0.7103642215727478,-1.407668525661701,-2.8412670570056724
0.40040040040040037,0.6961320341580892,-1.4358275492950061,-2.784342117427218
0.41041041041041043,0.6816208455762118,-1.4634111105951788,-2.7263012245704124
0.42042042042042044,0.6668364717397702,-1.4904081543915109,-2.6671676686251584
0.43043043043043044,0.6517848379951692,-1.5168078607178046,-2.606965165003571
0.44044044044044045,0.6364719767274849,-1.5425996491863772,-2.5457178284616724
0.45045045045045046,0.620904025215972,-1.5677731826089292,-2.4834501786933325
0.46046046046046046,0.6050872230215636,-1.59231837148254,-2.4201871814524467
0.47047047047047047,0.5890279093071158,-1.616225378433803,-2.355954212944782
0.4804804804804805,0.5727325203683862,-1.639484621991945,-2.290777025521006
0.4904904904904905,0.5562075870964511,-1.6620867803461354,-2.224681708873118
0.5005005005005005,0.5394597327351792,-1.6840227943417572,-2.1576947373224087
0.5105105105105106,0.5224956696798657,-1.705283872184422,-2.089842987914431
0.5205205205205206,0.5053221968677639,-1.7258614927985025,-2.0211536755452704
0.5305305305305306,0.48794619705341913,-1.7457474092323753,-1.9516543514066
0.5405405405405406,0.4703746340362086,-1.7649336519858219,-1.8813728297539398
0.5505505505505506,0.4526145505785876,-1.7834125309491708,-1.810337234922509
0.5605605605605606,0.43467306490558977,-1.8011766396719582,-1.7385760637750272
0.5705705705705706,0.4165573677197377,-1.8182188585522745,-1.6661181027324108
0.5805805805805806,0.3982747194490396,-1.8345323574443788,-1.5929924085117784
0.5905905905905906,0.3798324472869927,-1.8501105984624202,-1.519228274032501
0.6006006006006006,0.36123794277933763,-1.86494733790549,-1.444855223647161
0.6106106106106106,0.3424986587038381,-1.8790366289658669,-1.3699030727019739
0.6206206206206206,0.3236221055252268,-1.8923728248464704,-1.2944018887579134
0.6306306306306306,0.30461584862842017,-1.904950580692752,-1.2183819457593412
0.6406406406406406,0.28548750523341554,-1.9167648557926034,-1.1418737119882998
0.6506506506506506,0.2662447416375175,-1.9278109152670924,-1.0649078108390846
0.6606606606606606,0.24689527057448551,-1.9380843314850775,-0.9875150813192837
0.6706706706706707,0.22744684709840468,-1.9475809869651761,-0.9097265703032453
0.6806806806806807,0.20790726581808563,-1.9562970756352926,-0.83157346498245
0.6906906906906907,0.1882843577371611,-1.9642291043822422,-0.753087095567232
0.7007007007007007,0.16858598722079013,-1.9713738943653674,-0.6742988904305418
0.7107107107107107,0.1488200496093629,-1.977728581668139,-0.595240412126329
0.7207207207207207,0.12899446695211725,-1.9832906193328614,-0.515943366978477
0.7307307307307307,0.10911718504156882,-1.9880577782042446,-0.4364395463095141
0.7407407407407407,0.08919617025895452,-1.9920281477875064,-0.35676082284058935
0.7507507507507507,0.06923940636948668,-1.995200137019872,-0.2769391144929137
0.7607607607607607,0.04925489216410105,-1.9975724744039811,-0.19700639585973556
0.7707707707707707,0.02925063741970965,-1.9991442090090559,-0.11699471397430904
0.7807807807807807,0.009234659561563902,-1.9999147109199833,-0.03693614610425886
0.7907907907907907,-0.010785019407436904,-1.9998836713935255,0.043137215001793794
0.8008008008008007,-0.030800376206910396,-1.9990511030120395,0.12319328339475467
0.8108108108108109,-0.05080338871111284,-1.9974173393936305,0.20319998608261783
0.8208208208208209,-0.07078603963013053,-1.9949830352225977,0.28312525400895316
0.8308308308308309,-0.0907403201652799,-1.991749166140198,0.36293704742555877
0.8408408408408409,-0.11065823300512645,-1.987717028267131,0.4426033760372766
0.8508508508508509,-0.13053179558578484,-1.9828882376910033,0.5220923107065156
0.8608608608608609,-0.15035304283680484,-1.977264729754488,0.6013719999554745
0.8708708708708709,-0.17011402990652683,-1.9708487582124152,0.6804106698609095
0.8808808808808809,-0.189806836773736,-1.9636428945220374,0.7591766375997622
0.8908908908908909,-0.2094235708728197,-1.9556500267289365,0.8376383341593198
0.9009009009009009,-0.22895637028672428,-1.9468733583026316,0.915764313211504
0.9109109109109109,-0.24839740695415952,-1.9373164068448223,0.9935232640000744
0.9209209209209209,-0.2677388898695126,-1.9269830026669945,1.0708840188981115
0.9309309309309309,-0.2869730672780258,-1.9158772873473626,1.1478155653842064
0.9409409409409409,-0.3060922296477638,-1.904003712068712,1.2242870728176183
0.950950950950951,-0.32508871429348685,-1.8913670356393022,1.3002679018861867
0.960960960960961,-0.3439549076385324,-1.8779723226415612,1.3757276091038275
0.970970970970971,-0.3626832482225428,-1.8638249413629493,1.4506359643096154
0.980980980980981,-0.38126622967959045,-1.8489305615943217,1.524962963714034
0.990990990990991,-0.3996964036856489,-1.8332951522996053,1.5986787883363278
1.001001001001001,-0.4179663839614612,-1.816924980246247,1.671753837839716
1.011011011011011,-0.4360688487331347,-1.7998266069975088,1.7441588373603973
1.021021021021021,-0.4539965427845904,-1.782006885404197,1.8158647987167262
1.031031031031031,-0.47174228087529574,-1.7634729573735504,1.886842989763508
1.0410410410410411,-0.48929895058292733,-1.7442322509744972,1.9570649736906034
1.0510510510510511,-0.5066595151087481,-1.7242924774197845,2.0265026201502585
1.0610610610610611,-0.5238170160705237,-1.703661627948466,2.0951280694188648
1.0710710710710711,-0.5407645773300568,-1.682347971525513,2.1629137802809835
1.0810810810810811,-0.5574954068860285,-1.6603600507656635,2.229832603071458
1.0910910910910911,-0.5740027992209629,-1.637706678170729,2.2958577379702203
1.1011011011011012,-0.5902801383383218,-1.6143969328883818,2.3609627303459906
1.1111111111111112,-0.6063209004008033,-1.5904401570426812,2.4251214977800335
1.1211211211211212,-0.6221186563288549,-1.5658459519518446,2.4883083382077227
1.1311311311311312,-0.6376670743859872,-1.5406241742957798,2.550497891459356
1.1411411411411412,-0.6529599231420855,-1.5147849331038095,2.611665201124204
1.1511511511511512,-0.6679910735138292,-1.4883385846836836,2.671785773779973
1.1611611611611612,-0.6827545012036571,-1.4612957284235297,2.7308355275073235
1.1711711711711712,-0.6972442892128994,-1.433667202751605,2.7887908001747324
1.1811811811811812,-0.7114546302101649,-1.405464080772384,2.8456283705737895
1.1911911911911912,-0.7253798288545321,-1.3766976658031809,2.901325464566635
1.2012012012012012,-0.7390143040830951,-1.347379486887166,2.9558597347662006
1.2112112112112112,-0.7523525914265163,-1.3175212947367905,3.009209309138632
1.2212212212212212,-0.7653893450888973,-1.28713505627378,3.0613528229454494
1.2312312312312312,-0.7781193401007677,-1.2562329499330778,3.112269386083314
1.2412412412412412,-0.7905374744188298,-1.2248273608566966,3.161938597638105
1.2512512512512513,-0.802638770960967,-1.1929308759062889,3.210340559264725
1.2612612612612613,-0.8144183795887593,-1.1605562785891346,3.2574558762945376
1.2712712712712713,-0.8258715790982111,-1.1277165440485404,3.3032656333570563
1.2812812812812813,-0.836993779365404,-1.0944248344778822,3.3477514558311396
1.2912912912912913,-0.8477805227873096,-1.0606944928807498,3.3908955355126658
1.3013013013013013,-0.8582274861701004,-1.0265390379711221,3.432680586850572
1.3113113113113113,-0.8683304824834284,-0.9919721588096673,3.473089867174905
1.3213213213213213,-0.8780854625297276,-0.9570077092989518,3.512107187277783
1.3313313313313313,-0.8874885165559323,-0.9216597026079099,3.5497169100622092
1.3413413413413413,-0.8965358758883317,-0.8859423056941028,3.5859039377071196
1.3513513513513513,-0.9052239146188198,-0.8498698339851447,3.620653760056453
1.3613613613613613,-0.9135491507106533,-0.8134567449322119,3.653952466618111
1.3713713713713713,-0.9215082475086875,-0.7767176324512486,3.6857867161713527
1.3813813813813813,-0.9290980150810244,-0.7396672210849375,3.716143754830084
1.3913913913913913,-0.936315411486651,-0.7023203600822779,3.745011422876736
1.4014014014014013,-0.9431575439809731,-0.6646920174237416,3.7723781446552334
1.4114114114114114,-0.9496216703368138,-0.6267972741031942,3.7982329195630737
1.4214214214214214,-0.9557052000867128,-0.5886513183333898,3.822565383494114
1.4314314314314314,-0.9614056950631438,-0.5502694385978065,3.8453658074554697
1.4414414414414414,-0.9667208705817182,-0.5116670178838308,3.866625058855238
1.4514514514514514,-0.9716485963495244,-0.4728595275096136,3.886334624424733
1.4614614614614614,-0.9761868973007283,-0.4338625208983507,3.9044866147389428
1.4714714714714714,-0.9803339543659328,-0.39469162731463975,3.9210737679045793
1.4814814814814814,-0.9840881051745112,-0.3553625455649257,3.9360894275141876
1.4914914914914914,-0.9874478450608833,-0.3158910381752166,3.949527517142245
1.5015015015015014,-0.9904118280496086,-0.276292925602118,3.961382643695923
1.5115115115115114,-0.992978866263775,-0.23658407834146436,3.9716500932969288
1.5215215215215214,-0.9951479308724601,-0.1967804112217991,3.980325754869789
1.5315315315315314,-0.9969181525095857,-0.1568978770427699,3.987406155207941
1.5415415415415414,-0.9982888216042066,-0.11695246016658506,3.9928884621073477
1.5515515515515514,-0.9992593886426292,-0.07696017009367384,3.9967704858314383
1.5615615615615615,-0.9998294643617517,-0.03693703502481452,3.99905066666289
1.5715715715715715,-0.9999988202183421,0.003100904313991626,3.9997280573524474
1.5815815815815815,-0.9997673889113626,0.04313760075801726,3.9988023816304454
1.5915915915915915,-0.9991352632542677,0.08315700805033688,3.9962740329528623
1.6016016016016015,-0.9981026966012967,0.1231430869032197,3.9921440280835627
1.6116116116116117,-0.9966701027562916,0.16307981141537317,3.986414025739518
1.6216216216216217,-0.9948380557870624,0.20295117550661346,3.9790863271727903
1.6316316316316317,-0.9926072897710954,0.24274119934676036,3.9701638754722843
1.6416416416416417,-0.9899786984721847,0.28243393577632886,3.959650244213924
1.6516516516516517,-0.9869533353011425,0.3220134765082003,3.947549619569378
1.6616616616616617,-0.9835324134205923,0.3614639581901302,3.93386684603464
1.6716716716716717,-0.9797173039640475,0.4007695695219068,3.918607425067358
1.6816816816816818,-0.9755095359894437,0.4399145572905778,3.901777474041898
1.6916916916916918,-0.9709107958856855,0.4788832326658887,3.8833837390196453
1.7017017017017018,-0.9659229266768611,0.5176599774911713,3.8634335931286015
1.7117117117117118,-0.960547927259211,0.5562292505463412,3.841935033650662
1.7217217217217218,-0.9547879515706312,0.5945755937804739,3.8188966767340675
1.7317317317317318,-0.9486453080226847,0.6326836384689452,3.7943277499919406
1.7417417417417418,-0.9421224591543125,0.67053811129783,3.768238099152824
1.7517517517517518,-0.9352220193218926,0.7081238406541869,3.7406381845884185
1.7617617617617618,-0.9279467541462885,0.7454257626409415,3.7115390683658496
1.7717717717717718,-0.9202995794308215,0.7824289271079576,3.6809524130230686
1.7817817817817818,-0.9122835599724298,0.8191185036424043,3.6488904771010304
1.7917917917917918,-0.903901908308624,0.8554797875103807,3.615366110146636
1.8018018018018018,-0.8951579834002236,0.8914982055472419,3.5803927486690776
1.8118118118118118,-0.8860552895626902,0.9271593220182701,3.5439844132610054
1.8218218218218218,-0.8765974757007526,0.9624488444513661,3.50615569652189
1.8318318318318318,-0.8667883324770091,0.9973526292559456,3.466921756528948
1.8418418418418419,-0.8566317912857141,1.0318566874249187,3.4262983160513416
1.8518518518518519,-0.8461319227130828,1.0659471901378543,3.384301654105392
1.8618618618618619,-0.8352929348864591,1.0996104742938955,3.3409485990089123
1.8718718718718719,-0.8241191717640483,1.1328330479758706,3.29625652138104
1.8818818818818819,-0.8126151113654055,1.1656015958430654,3.2502433339490433
1.8918918918918919,-0.8007853642211159,1.197902984591467,3.2029275017091767
1.901901901901902,-0.7886346721816359,1.2297242685499559,3.154327994534407
1.911911911911912,-0.7761679051876356,1.2610526941917555,3.104464274471396
1.921921921921922,-0.7633900597769164,1.2918757054763101,3.053356322665714
1.931931931931932,-0.7503062571248714,1.3221809488997778,3.001024619130722
1.941941941941942,-0.7369217409735525,1.3519562784318802,2.9474901327399046
1.951951951951952,-0.7232418755075414,1.3811897603660421,2.8927743124426835
1.961961961961962,-0.7092721431770123,1.4098696780803823,2.8368990606793516
1.971971971971972,-0.6950181428500849,1.4379845363556187,2.7798868775487104
1.981981981981982,-0.6804855875947795,1.4655230690222985,2.7217605950644006
1.991991991991992,-0.6656803022551028,1.4924742379585096,2.662543420051624
2.002002002002002,-0.6506082205880649,1.5188272415959045,2.602259138073582
2.012012012012012,-0.6352753832591918,1.5445715180000228,2.540931900350874
2.022022022022022,-0.619687935397536,1.5696967491104366,2.4785862760649193
2.032032032032032,-0.6038521241076369,1.5941928648681893,2.4152472410988857
2.042042042042042,-0.5877742959384269,1.6180500472305344,2.350940174165877
2.052052052052052,-0.5714608944317658,1.6412587342208595,2.2856908767396567
2.062062062062062,-0.5549184580232365,1.6638096243424394,2.2195255220543135
2.0720720720720722,-0.5381536168445515,1.6856936796073323,2.1524706258735287
2.0820820820820822,-0.5211730902397678,1.7069021293649325,2.0845530735760507
2.0920920920920922,-0.5039836841179269,1.727426473873119,2.0158000729393013
2.1021021021021022,-0.486592287770651,1.747258487181535,1.9462391555714948
2.1121121121121122,-0.46900587135708355,1.7663902207314073,1.8758981989312755
2.1221221221221223,-0.4512314832058516,1.7848140066796587,1.8048053921535794
2.1321321321321323,-0.4332762468202708,1.802522460814562,1.732989225677266
2.1421421421421423,-0.4151473582962863,1.8195084856721966,1.660478497951547
2.1521521521521523,-0.3968520837837004,1.8357652735863648,1.5873022779261903
2.1621621621621623,-0.37839775581985946,1.8512863090541023,1.5134898926941844
2.1721721721721723,-0.3597917706608479,1.8660653715382003,1.4390709333301752
2.1821821821821823,-0.34104158532430007,1.8800965379496013,1.3640752106108223
2.1921921921921923,-0.32215471474364626,1.893374184563442,1.2885327698390352
2.2022022022022023,-0.30313872856791274,1.9058929897982306,1.212473899989196
2.2122122122122123,-0.2840012481188022,1.9176479363149774,1.1359290940711388
2.2222222222222223,-0.26474994331866153,1.928634313002858,1.058929026111967
2.2322322322322323,-0.24539252990298124,1.9388477166175193,0.9815045443831105
2.2422422422422423,-0.22593676622938558,1.9482840536311485,0.903686682566986
2.2522522522522523,-0.2063904499123607,1.9569395420943358,0.8255066389024697
2.2622622622622623,-0.18676141478936134,1.9648107130686354,0.7469957495825055
2.2722722722722724,-0.16705752785765465,1.9718944119558475,0.6681854701690351
2.2822822822822824,-0.14728668637972997,1.978187799558506,0.5891073829482669
2.2922922922922924,-0.1274568142757258,1.9836883535564134,0.5097931902205006
2.3023023023023024,-0.10757585904690183,1.9883938694327903,0.4302746846896977
2.3123123123123124,-0.08765178858356192,1.992302461358009,0.3505837306918926
2.3223223223223224,-0.06769258836247251,1.9954125627399353,0.27075226142947495
2.3323323323323324,-0.0477062578597343,1.9977229270522927,0.19081227695552178
2.3423423423423424,-0.027700807318095613,1.9992326283446504,0.11079582057813217
2.3523523523523524,-0.007684254554806875,1.9999410615984015,0.030734959774304137
2.3623623623623624,0.012335377931440197,1.9998479428546465,-0.049338226079548166
2.3723723723723724,0.03235006616922803,1.9989533093245366,-0.1293916429558634
2.3823823823823824,0.05235178849211537,1.9972575195722468,-0.2093931990895927
2.3923923923923924,0.07233252852975541,1.994761253286707,-0.28931082724808665
2.4024024024024024,0.09228427846866467,1.9914655110187316,-0.3691124929223816
2.4124124124124124,0.11219904231756174,1.9873716137887614,-0.4487662090739075
2.4224224224224224,0.13206883898891547,1.9824812025287635,-0.5282400609176917
2.4324324324324325,0.1518857043359071,1.9767962371938126,-0.6075022034469961
2.4424424424424425,0.1716416958749516,1.9703189962535483,-0.6865208666844677
2.4524524524524525,0.1913288956568331,1.963052075698628,-0.7652643854217666
2.4624624624624625,0.21093941325524745,1.9549983879367963,-0.8437012100422338
2.4724724724724725,0.2304653888968062,1.9461611605826674,-0.9217999187080889
2.4824824824824825,0.24989899656949305,1.9365439351098075,-0.9995291934746204
2.4924924924924925,0.2692324476429466,1.926150566118711,-1.0768578376151723
2.5025025025025025,0.2884579938780249,1.9149852196420363,-1.1537548641926947
2.5125125125125125,0.3075679299320764,1.9030523706393778,-1.2301894801753646
2.5225225225225225,0.32655459673489884,1.8903568016205075,-1.3061310587821877
2.5325325325325325,0.3454103845243271,1.8769036006937885,-1.3815491747732058
2.5425425425425425,0.3641277358544001,1.8626981594829057,-1.456413609058591
2.5525525525525525,0.3826991487415973,1.8477461710830059,-1.5306943180179358
2.5625625625625625,0.4011171804704716,1.8320536285916558,-1.604361511049331
2.5725725725725725,0.4193744494179015,1.8156268215124487,-1.6773856898729518
2.5825825825825826,0.4374636382813443,1.7984723334991042,-1.7497375970779845
2.5925925925925926,0.4553774970970848,1.7805970397891657,-1.8213882426168457
2.6026026026026026,0.4731088461351499,1.7620081044176858,-1.8923089208488424
2.6126126126126126,0.4906505787645712,1.7427129773097094,-1.9624711928561662
2.6226226226226226,0.5079956645079785,1.7227193918479928,-2.0318469079995674
2.6326326326326326,0.5251371517732325,1.7020353615339423,-2.1004082672522006
2.6426426426426426,0.5420681704622938,1.6806691762873882,-2.168127808572967
2.6526526526526526,0.5587819348310857,1.6586293994003494,-2.2349783944073893
2.6626626626626626,0.5752717462079071,1.63592486408704,-2.300933237518905
2.6726726726726726,0.591530995676258,1.6125646699204914,-2.365965906897853
2.6826826826826826,0.6075531667278575,1.5885581792642602,-2.430050317552711
2.6926926926926926,0.6233318378985113,1.5639150139134301,-2.493160776396434
2.7027027027027026,0.6388606852986336,1.538645050607675,-2.555272004140238
2.7127127127127126,0.6541334851553039,1.5127584172339459,-2.6163591128516273
2.7227227227227226,0.6691441163041402,1.4862654887888236,-2.6763976251269685
2.7327327327327327,0.6838865626360138,1.45917688319737,-2.7353634861811575
2.7427427427427427,0.6983549155012725,1.431503457033445,-2.793233050532172
2.7527527527527527,0.7125433762007571,1.4032563016051343,-2.849983103629773
2.7627627627627627,0.7264462582340864,1.3744467382420582,-2.905590907071005
2.7727727727727727,0.7400579894986155,1.3450863134755846,-2.960034185520328
2.7827827827827827,0.7533731145718525,1.3151867945879976,-3.0132911223900667
2.7927927927927927,0.7663862968921411,1.2847601648791869,-3.065340378513025
2.8028028028028027,0.7790923208900404,1.253818618841991,-3.116161095086191
2.8128128128128127,0.7914860941115511,1.2223745573699538,-3.1657328837836642
2.8228228228228227,0.8035626493775673,1.1904405831306064,-3.2140358695879065
2.8328328328328327,0.8153171465678911,1.1580294949157415,-3.2610507071138524
2.8428428428428427,0.826744874621478,1.1251542826878866,-3.3067585577826817
2.8528528528528527,0.8378412534285874,1.0918281223875597,-3.3511411071255077
2.8628628628628627,0.8486018356588417,1.058064370633322,-3.394180573430954
2.8728728728728727,0.859022308538527,1.023876559355909,-3.435859687622365
2.8828828828828827,0.869098495790437,0.9892783909011424,-3.4761617232486595
2.8928928928928928,0.8788263591163795,0.9542837320636435,-3.5150705405283205
2.9029029029029028,0.8882019997258472,0.9189066083079829,-3.5525705598700257
2.9129129129129128,0.8972216599716244,0.8831611983325118,-3.5886467584016177
2.9229229229229228,0.9058817248431165,0.8470618283600025,-3.623284686865076
2.932932932932933,0.9141787233994307,0.810622966363241,-3.656470476032001
2.942942942942943,0.9221093301412367,0.7738592162272298,-3.6881908415859757
2.952952952952953,0.9296703663335764,0.7367853118770353,-3.7184330244695842
2.962962962962963,0.9368588018842295,0.6994161126342451,-3.7471848504115868
2.972972972972973,0.9436717560239243,0.6617665961530796,-3.7744348222013686
2.982982982982983,0.95010649822379,0.623851851929513,-3.800172045424902
2.992992992992993,0.956160449511897,0.5856870757241527,-3.8243862094222973
3.003003003003003,0.9618311834927082,0.5472875634525901,-3.8470676161164588
3.013013013013013,0.9671164273019333,0.5086687050311305,-3.868207184372308
3.023023023023023,0.9720140624959596,0.4698459781798712,-3.887796453167269
3.033033033033033,0.9765221258899924,0.43083494220495894,-3.9058275388273773
3.043043043043043,0.9806388110187123,0.3916512326578016,-3.9222931771379073
3.053053053053053,0.9843624682613725,0.3523105542742701,-3.937186788142587
3.063063063063063,0.9876916052427167,0.3128286743366287,-3.9505024226519834
3.073073073073073,0.9906248876772027,0.2732214166836398,-3.9622347483156855
3.083083083083083,0.9931611398879302,0.2335046553513297,-3.9723790692595156
3.093093093093093,0.9952993452581929,0.1936943081899558,-3.9809313283536887
3.103103103103103,0.9970386466149972,0.15380633045936395,-3.987888108346896
3.113113113113113,0.9983783465609626,0.11385670842325119,-3.9932465914356
3.123123123123123,0.9993179085080562,0.07386145375394654,-3.9970045957614944
3.133133133133133,0.999856956219455,0.03383659639599404,-3.999160631927733
3.143143143143143,0.9999952736744528,-0.006201822160522591,-3.9997138526494433
3.153153153153153,0.9997328054293567,-0.04623775500839922,-3.998664038493129
3.163163163163163,0.9990696566229077,-0.08625515626448914,-3.9960116135846855
3.173173173173173,0.9980060929133189,-0.12623798751259713,-3.991757645661697
3.183183183183183,0.9965425403464521,-0.1661702242457043,-3.985903845378699
3.193193193193193,0.9946795851730931,-0.20603586229495346,-3.978452542861867
3.203203203203203,0.9924179744120192,-0.24581892380249842,-3.9694067061630043
3.2132132132132134,0.9897586148346053,-0.28550346401993854,-3.9587699702492185
3.2232232232232234,0.9867025723039142,-0.32507357786154184,-3.9465466077458915
3.2332332332332334,0.9832510716360122,-0.3645134061169534,-3.932741519407443
3.2432432432432434,0.9794054960914511,-0.4038071418136428,-3.917360240605415
3.2532532532532534,0.9751673867990726,-0.44293903655950423,-3.9004089392206094
3.2632632632632634,0.9705384421118507,-0.48189340686310445,-3.8818944129501
3.2732732732732734,0.9655205169142054,-0.5206546404223691,-3.861824071809635
3.2832832832832834,0.9601156227154103,-0.5592072020945286,-3.840205947717234
3.2932932932932935,0.9543259260892504,-0.5975356403766681,-3.8170487106368562
3.3033033033033035,0.9481537474994125,-0.63562459369887,-3.792361647003334
3.3133133133133135,0.9416015606705656,-0.6734587964728309,-3.7661546509352695
3.3233233233233235,0.9346719915791671,-0.7110230852090856,-3.738438225593768
3.3333333333333335,0.9273678173790647,-0.7483024045928263,-3.7092234789178513
3.3433433433433435,0.919691965261812,-0.7852818135157493,-3.6785221191852777
3.3533533533533535,0.9116475112718929,-0.821946491063002,-3.64634645377583
3.3633633633633635,0.9032376799178555,-0.8582817425202705,-3.61270938116476
3.3733733733733735,0.8944658421158417,-0.8942730052004346,-3.5776243810794037
3.3833833833833835,0.8853355135351825,-0.9299058542535918,-3.5411055132941334
3.3933933933933935,0.8758503534914164,-0.9651660084695864,-3.50316741304184
3.4034034034034035,0.8660141634622377,-1.0000393359961712,-3.463825283726752
3.4134134134134135,0.8558308855423744,-1.0345118599956475,-3.4230948906511807
3.4234234234234235,0.8453046008375205,-1.068569764237436,-3.3809925113386763
3.4334334334334335,0.8344395279331178,-1.1021993977601856,-3.3375351440940113
3.4434434434434436,0.8232400214987498,-1.1353872846397186,-3.2927401750971645
3.4534534534534536,0.8117105707369229,-1.168120121986355,-3.2466254458826396
3.4634634634634636,0.7998557965108782,-1.2003847910637955,-3.199209522128459
3.4734734734734736,0.7876804500488125,-1.2321683606676055,-3.15051139832296
3.4834834834834836,0.7751894110180797,-1.2634580923315224,-3.100550584457245
3.4934934934934936,0.7623876855455769,-1.2942414454415243,-3.049347096810949
3.5035035035035036,0.7492804041843111,-1.3245060822576675,-2.996921449105557
3.5135135135135136,0.7358728198367935,-1.354239872851045,-2.9432946611005812
3.5235235235235236,0.7221703061297196,-1.3834309002977192,-2.8884882437117203
3.5335335335335336,0.7081783550656057,-1.412067465317746,-2.8325241675572514
3.5435435435435436,0.6939025746458448,-1.440138090839406,-2.7754248669087564
3.5535535535535536,0.6793486867958886,-1.4676315267173208,-2.717213223329191
3.5635635635635636,0.6645225246479274,-1.4945367539691194,-2.657912550300469
3.5735735735735736,0.6494300301764919,-1.5208429891857986,-2.5975466102110123
3.5835835835835836,0.6340772521757961,-1.546539689108479,-2.5361395983062014
3.5935935935935936,0.6184703435770271,-1.5716165547174543,-2.473716124121138
3.6036036036036037,0.602615559303692,-1.5960635354372306,-2.4103012123731373
3.6136136136136137,0.5865192540446778,-1.619870833243443,-2.3459202836884105
3.6236236236236237,0.570187879018224,-1.6430289064820436,-2.2805991455740386
3.6336336336336337,0.5536279796561128,-1.6655284737954759,-2.214363981773754
3.6436436436436437,0.5368461929829456,-1.6873605177287654,-2.1472413219902005
3.6536536536536537,0.5198492449602636,-1.708516288049534,-2.0792580634676594
3.6636636636636637,0.5026439477463452,-1.728987305786176,-2.010441468448279
3.6736736736736737,0.48523719694842526,-1.748765366496947,-1.9408191237235919
3.6836836836836837,0.4676359688945084,-1.76784254349836,-1.870418919269413
3.6936936936936937,0.4498473180732328,-1.7862111907065448,-1.7992690635303317
3.7037037037037037,0.43187837397592094,-1.80386394617164,-1.7273980848080672
3.7137137137137137,0.4137363382951477,-1.8207937349469465,-1.6548347948241076
3.7237237237237237,0.3954284820592067,-1.8369937718938443,-1.5816082660875184
3.7337337337337337,0.3769621429394897,-1.8524575640978478,-1.5077478393499573
3.7437437437437437,0.35834472204681966,-1.8671789138227723,-1.4332831262379409
3.7537537537537538,0.3395836809710399,-1.8811519209794882,-1.3582439788695881
3.7637637637637638,0.32068653880079834,-1.8943709854718132,-1.282660464341986
3.7737737737737738,0.30166086938342573,-1.906830809154503,-1.2065628674809021
3.7837837837837838,0.28251429802255934,-1.9185263982341936,-1.1299816940987264
3.793793793793794,0.2632544983983411,-1.9294530652926156,-1.052947643854713
3.803803803803804,0.2438891895093263,-1.9396064311441978,-0.9754915806346821
3.813813813813814,0.22442613295090774,-1.948982426266283,-0.8976445360518225
3.823823823823824,0.20487312946321456,-1.957577292726817,-0.819437719609504
3.833833833833834,0.18523801565539172,-1.9653875858180248,-0.7409024875099529
3.843843843843844,0.1655286609477683,-1.9724101753596488,-0.6620703253423654
3.853853853853854,0.145752964371467,-1.97864224698604,-0.5829728410876669
3.863863863863864,0.1259188513487145,-1.9840813033093518,-0.5036417345098818
3.873873873873874,0.10603427097265423,-1.9887251645938455,-0.42410876601295633
3.883883883883884,0.08610719328180248,-1.9925719692955972,-0.34440580389857967
3.893893893893894,0.06614560479891143,-1.9956201756829062,-0.26456480780619845
3.903903903903904,0.046157505881485615,-1.99786856204447,-0.1846177695386763
3.913913913913914,0.026150907549591436,-1.999316227125122,-0.104596717879027
3.923923923923924,0.006133828300792451,-1.9999625904304366,-0.024533712446151025
3.933933933933934,-0.013885709134218716,-1.9998073925394593,0.055539112324427396
3.943943943943944,-0.03389968145697628,-1.9988506962898074,0.1355896347076833
3.953953953953954,-0.0539000674174223,-1.9970928853381043,0.21558580324268445
3.963963963963964,-0.07387885110047543,-1.9945346641928567,0.2954955727369047
3.973973973973974,-0.09382802518287539,-1.9911770580560841,0.37528692912099826
3.983983983983984,-0.11373959411063833,-1.9870214123586025,0.45492791158842144
3.993993993993994,-0.13360557726774935,-1.982069392158418,0.5343865769226049
4.004004004004004,-0.1534180127241277,-1.976322982390182,0.6136310304264833
4.014014014014014,-0.17316896017748667,-1.9697844866443743,0.6926295227808165
4.024024024024024,-0.1928505036851804,-1.9624565254776531,0.771350419682704
4.034034034034034,-0.21245475510652795,-1.9543420357998758,0.8497621777441314
4.044044044044044,-0.2319738572581726,-1.9454442696669598,0.9278333808597232
4.054054054054054,-0.25139998705581007,-1.9357667929398212,1.0055327411281052
4.064064064064064,-0.2707253586945514,-1.9253134840587895,1.0828290824550917
4.074074074074074,-0.2899422268875308,-1.9140885330308104,1.1596914140441532
4.084084084084084,-0.3090428897542665,-1.9020964387325803,1.2360889529861174
4.094094094094094,-0.3280196919834757,-1.8893420074455027,1.3119910847658462
4.104104104104104,-0.3468650279099093,-1.8758303509494803,1.387367393471208
4.114114114114114,-0.3655713445635134,-1.8615668844530862,1.4621876749449714
4.124124124124124,-0.3841311446959059,-1.8465573244240554,1.5364219268864814
4.134134134134134,-0.40253698976144847,-1.830807686717621,1.6100403831770065
4.1441441441441444,-0.420781502920875,-1.814324283719811,1.6830135486113935
4.1541541541541545,-0.4388573719974191,-1.797113721780456,1.7553121844516293
4.1641641641641645,-0.4567573523998323,-1.7791828986457043,1.8269073194281649
4.1741741741741745,-0.47447427002285775,-1.760539000670783,1.8977702667976595
4.1841841841841845,-0.4920010241186025,-1.7411894999110165,1.9678726197670362
4.1941941941941945,-0.5093305901815782,-1.7211421514261978,2.037186258289814
4.2042042042042045,-0.5264560227720237,-1.7004049902355447,2.1056834023865085
4.2142142142142145,-0.5433704582276664,-1.678986327554596,2.173336614278417
4.2242242242242245,-0.5600671174459679,-1.6568947477074483,2.2401187831301885
4.2342342342342345,-0.5765393085979724,-1.6341391046691067,2.3060031492361577
4.2442442442442445,-0.5927804298060638,-1.6107285184935112,2.3709633105729164
4.2542542542542545,-0.6087839718022778,-1.586672371724704,2.4349732115730065
4.2642642642642645,-0.6245435206137172,-1.5619803060496071,2.4980071879834425
4.2742742742742745,-0.6400527600176665,-1.5366622178111216,2.5600399906041744
4.2842842842842845,-0.6553054740994588,-1.5107282541856597,2.621046762834842
4.2942942942942945,-0.6702955497487288,-1.4841888091457593,2.681003058875906
4.3043043043043046,-0.685016979104825,-1.4570545192732292,2.73988485569373
4.314314314314315,-0.699463861961526,-1.4293362594822212,2.7976685343209
4.324324324324325,-0.7136304082544334,-1.4010451392067447,2.8543309132242
4.334334334334335,-0.7275109402703158,-1.3721924974557107,2.90984929592283
4.344344344344345,-0.7410998948721284,-1.3427898980471284,2.9642014463382664
4.354354354354355,-0.7543918257687303,-1.3128491251566463,3.0173655881593993
4.364364364364365,-0.7673814056892946,-1.2823821785644578,3.069320424572867
4.374374374374375,-0.7800634285078689,-1.2514012688088412,3.120045147534084
4.384384384384385,-0.7924328113169419,-1.2199188122474591,3.169519437419555
4.394394394394395,-0.8044845965023895,-1.187947426217859,3.217723402116532
4.404404404404405,-0.8162139541055,-1.1554999253181992,3.2646376861127187
4.414414414414415,-0.8276161832262432,-1.1225893143837706,3.310243528501351
4.424424424424425,-0.8386867139983233,-1.0892287836064605,3.354522666040635
4.434434434434435,-0.8494211094749874,-1.0554317034520262,3.39745735830137
4.444444444444445,-0.8598150673962567,-1.0212116192761027,3.439030406512048
4.454454454454455,-0.8698644218994667,-0.9865822458641974,3.4792251610781464
4.464464464464465,-0.8795651451720701,-0.9515574618971608,3.5180255090934494
4.474474474474475,-0.888913349223511,-0.9161513047412054,3.5554158456767264
4.484484484484485,-0.8979052877407869,-0.8803779654872164,3.5913811741425405
4.494494494494495,-0.9065373569058535,-0.8442517817353488,3.6259071167113865
4.504504504504505,-0.9148060970944745,-0.8077872324199213,3.6589798427008713
4.514514514514515,-0.9227081942725057,-0.7709989320316276,3.6905861038849084
4.524524524524525,-0.930240481310432,-0.7339016247345378,3.7207132426222422
4.534534534534535,-0.9373999392357779,-0.6965101784255767,3.749349197514251
4.544544544544545,-0.944183698422474,-0.6588395787382565,3.7764824703538387
4.554554554554555,-0.9505890401269459,-0.6209049237638382,3.8021021383247993
4.564564564564565,-0.9566133974751256,-0.5827214178108331,3.8261979408112174
4.574574574574575,-0.9622543559972307,-0.5443043643882383,3.848760248672454
4.584584584584585,-0.9675096548624725,-0.5056691605801533,3.869780022804692
4.594594594594595,-0.9723771877719909,-0.4668312908586148,3.889248844144893
4.604604604604605,-0.9768550037865252,-0.42780632085753284,3.9071589174541566
4.614614614614615,-0.9809413080880507,-0.38860989110978283,3.9235030731072102
4.624624624624625,-0.984634462704635,-0.3492577107853164,3.93827473200961
4.634634634634635,-0.9879329877831707,-0.30976555213061147,3.9514679477835437
4.644644644644645,-0.9908355615233949,-0.27014924336222246,3.963077450730309
4.654654654654655,-0.9933410206249704,-0.23042466222610078,3.973098600793156
4.664664664664665,-0.9954483609182949,-0.19060772983282995,3.9815273852998425
4.674674674674675,-0.997156737751767,-0.15071440426213997,3.9883604313836045
4.684684684684685,-0.9984654663114092,-0.1107606741494745,3.9935950076635027
4.694694694694695,-0.9993740218722431,-0.07076255225686465,3.997229019275099
4.704704704704705,-0.9998820401174767,-0.030736069158982027,3.9992609786911024
4.714714714714715,-0.9999893178984255,0.009302732601816077,3.9996900577805072
4.724724724724725,-0.9996958123281896,0.04933780587165876,3.998516105102684
4.734734734734735,-0.9990016410495709,0.08935310507634428,3.995739596334776
4.744744744744745,-0.9979070822530988,0.12933259258506768,3.9913616465170696
4.754754754754755,-0.9964125745483466,0.16926024514675608,3.9853840134811547
4.764764764764765,-0.9945187167669103,0.20912006032242814,3.977809097331631
4.774774774774775,-0.9922262676966274,0.2488960629111531,3.9686399313026164
4.784784784784785,-0.9895361460919198,0.2885723111993574,3.9578801726064583
4.794794794794795,-0.9864494306048661,0.3281329032035747,3.945534131820459
4.804804804804805,-0.9829673583941836,0.3675619835080753,3.9316067685285843
4.814814814814815,-0.9790913250340918,0.40684374942036317,3.9161036659807755
4.824824824824825,-0.9748228839545359,0.4459624573014842,3.899031039024111
4.834834834834835,-0.9701637457999946,0.4849024288803053,3.88039573202666
4.844844844844845,-0.9651157777210275,0.5236480575422582,3.8602051775867845
4.854854854854855,-0.9596810025916014,0.5621838138169777,3.83846756458444
4.864864864864865,-0.953861598852375,0.6004942550314362,3.815191559436497
4.874874874874875,-0.9476598991769802,0.6385640252171078,3.7903863995598543
4.884884884884885,-0.9410783891541048,0.676377866634236,3.7640621109765156
4.894894894894895,-0.9341197065659641,0.7139206240354564,3.7362292377153223
4.904904904904905,-0.9267866403155045,0.7511772507726809,3.7068989310818337
4.914914914914915,-0.919082129288961,0.7881328148479055,3.6760829440563656
4.924924924924925,-0.9110092611537706,0.8247725049079435,3.6437936258429136
4.934934934934935,-0.9025712711260855,0.861081636186102,3.610043918491574
4.944944944944945,-0.893771541144653,0.8970456564292963,3.5748473499054843
4.954954954954955,-0.8846135981930273,0.9326501516997253,3.5382180262032623
4.964964964964965,-0.8751011128818507,0.9678808521490814,3.5001706279436338
4.974974974974975,-0.8652378980378083,1.002723637744643,3.4607204030945575
4.984984984984985,-0.8550279066302455,1.0371645439027262,3.419883162440561
4.994994994994995,-0.8444752306093583,1.0711897671228323,3.3776752754681034
5.005005005005005,-0.8335840992082411,1.1047856705387242,3.334113661784452
5.015015015015015,-0.8223588771919565,1.1379387893807793,3.289215773999732
5.025025025025025,-0.8108040636706194,1.1706358361843645,3.2429996021944194
5.035035035035035,-0.7989242897441353,1.2028637063416285,3.1954836769596193
5.045045045045045,-0.7867243167067459,1.2346094833707433,3.1466870489541563
5.055055055055055,-0.7742090341959914,1.2658604440584285,3.0966292646184157
5.065065065065065,-0.7613834581787436,1.2966040632429838,3.045330379944482
5.075075075075075,-0.7482527289813776,1.3268280192324922,2.9928109673847123
5.085085085085085,-0.7348221092042374,1.3565201987261613,2.939092084277202
5.095095095095095,-0.7210969816228466,1.3856687016004041,2.88419524635618
5.105105105105105,-0.7070828471741523,1.4142618452998585,2.8281424474153996
5.115115115115115,-0.6927853225631926,1.4422881700171288,2.770956166143073
5.125125125125125,-0.6782101380361226,1.4697364432206408,2.7126593283656937
5.135135135135135,-0.6633631351130121,1.496595664078504,2.653275286366811
5.145145145145145,-0.6482502643601158,1.5228550675723287,2.592827835112229
5.155155155155155,-0.6328775828336592,1.548504129245916,2.531341214041602
5.165165165165165,-0.6172512516752393,1.5735325693549433,2.468840071211915
5.175175175175175,-0.6013775336841382,1.5979303568978063,2.4053494435026943
5.185185185185185,-0.5852627909365432,1.6216877133690113,2.3408947725600546
5.195195195195195,-0.5689134820252685,1.6447951171092188,2.2755019036275104
5.205205205205205,-0.5523361595111562,1.6672433070352277,2.209197043088369
5.215215215215215,-0.535537467413861,1.689023286140017,2.1420067391519204
5.225225225225225,-0.5185241386945016,1.710126324836067,2.0739579207021297
5.235235235235235,-0.5013029921236618,1.7305439652331527,2.005077888135411
5.245245245245245,-0.48388092967398505,1.7502680242982374,1.935394266823377
5.255255255255255,-0.466264933713462,1.7692905972015887,1.8649350123713182
5.265265265265265,-0.4484620641477129,1.7876040605819474,1.7937283634843921
5.275275275275275,-0.43047945597879245,1.805201074949024,1.7218027617819287
5.285285285285285,-0.412324317208644,1.8220745863433474,1.6491870121714145
5.295295295295295,-0.3940039242752261,1.8382178319494527,1.5759102874710538
5.305305305305305,-0.37552561970044923,1.8536243418482734,1.502001977551272
5.315315315315315,-0.3568968091347055,1.8682879416101388,1.4274917299347671
5.325325325325325,-0.3381249583179883,1.8822027548599805,1.352409412345784
5.335335335335335,-0.31921759048247533,1.8953632051205649,1.276785025354517
5.345345345345345,-0.30018228443294304,1.9077640166288397,1.2006488509402293
5.355355355355355,-0.28102666940735055,1.9194002191534023,1.1240314684158055
5.365365365365365,-0.26175842267371113,1.9302671491296566,1.0469636050603366
5.375375375375375,-0.24238526647235092,1.9403604514869426,0.9694761702966205
5.385385385385385,-0.22291496484596504,1.9496760814679273,0.8916002280573815
5.395395395395395,-0.20335532086882993,1.9582103059025058,0.8133669142849926
5.405405405405405,-0.18371417483183053,1.9659597033755347,0.7348075554557822
5.415415415415415,-0.16399939883096226,1.9729211678735925,0.6559536898345842
5.425425425425425,-0.14421889424503986,1.979091909378229,0.5768369374803407
5.435435435435435,-0.12438058862318951,1.984469454910236,0.49748902277564233
5.445445445445445,-0.10449243242989667,1.9890516495739377,0.4179417556577349
5.455455455455455,-0.08456239613609097,1.9928366572257061,0.33822696457098594
5.465465465465465,-0.06459846850754837,1.9958229601759594,0.2583765744183718
5.475475475475475,-0.04460865105618467,1.9980093614182661,0.17842262524421643
5.485485485485485,-0.024600955398536264,1.9993949847053731,0.09839717435948968
5.495495495495495,-0.004583400139758123,1.9999792748188565,0.018332305394607895
5.505505505505505,0.015435992419994077,1.9997619978263863,-0.06173988546511082
5.515515515515515,0.035449199284642935,1.9987432410758112,-0.14178734080521638
5.525525525525525,0.055448198347342464,1.9969234124248805,-0.22177799705770118
5.535535535535535,0.07542497398482949,1.9943032411347161,-0.3016797717024818
5.545545545545545,0.09537151980137623,1.9908837773557617,-0.3814606329602651
5.555555555555555,0.11527984169340881,1.9866663916260021,-0.4610886008241678
5.565565565565565,0.13514196113385155,1.9816527743362589,-0.5405317570224104
5.575575575575575,0.1549499182583633,1.9758449350289569,-0.6197582771219868
5.585585585585585,0.1746957731306636,1.9692452012207036,-0.6987364167209199
5.595595595595595,0.1943716116266732,1.961856217977487,-0.7774345124944982
5.605605605605605,0.21396954793929668,1.9536809467163092,-0.855821021692669
5.615615615615615,0.23348172766780675,1.9447226639896458,-0.9338645281696185
5.625625625625625,0.2529003310392419,1.934984960166367,-1.0115337534010775
5.635635635635635,0.27221757594013163,1.9244717379956302,-1.0887975641678562
5.645645645645645,0.29142571927920224,1.9131872111339774,-1.165624991541891
5.655655655655655,0.3105170623048334,1.9011359023291259,-1.2419852477703472
5.665665665665665,0.3294839534690497,1.8883226416090455,-1.3178477322003337
5.675675675675675,0.3483187912049818,1.8747525643471372,-1.3931820447329832
5.685685685685685,0.36701402700791425,1.8604311091819588,-1.4679579994925591
5.6956956956956954,0.3855621684973511,1.8453640158087476,-1.542145631693227
5.7057057057057055,0.40395578227198214,1.829557322761674,-1.6157151787550788
5.7157157157157155,0.42218749593587657,1.8130173655834207,-1.6886371408285958
5.7257257257257255,0.4402500023950734,1.795750773395736,-1.7608823127602002
5.7357357357357355,0.45813606242782307,1.7777644664290624,-1.8324217489608516
5.7457457457457455,0.4758385074229506,1.7590656532964197,-1.9032267861411627
5.7557557557557555,0.4933502421959672,1.739661828067878,-1.9732690594402287
5.7657657657657655,0.5106642477619644,1.7195607672215403,-2.0425204998854816
5.7757757757757755,0.5277735845126899,1.6987705267688693,-2.110953301938708
5.7857857857857855,0.5446713962500956,1.6772994398554,-2.178540020728906
5.7957957957957955,0.5613509106947758,1.6551561119394618,-2.24525360165686
5.8058058058058055,0.5778054428916696,1.6323494178002076,-2.3110673148951038
5.8158158158158155,0.5940283979627976,1.6088884980276479,-2.375954790497125
5.8258258258258255,0.6100132737077533,1.5847827553277927,-2.4398900332665727
5.8358358358358355,0.6257536631582191,1.5600418507150038,-2.5028474168057886
5.8458458458458455,0.6412432575603642,1.5346756999362854,-2.5648016675936547
5.8558558558558556,0.6564758495819272,1.508694469982398,-2.625727947107595
5.865865865865866,0.6714453342288208,1.4821085738680653,-2.6856018647621442
5.875875875875876,0.6861457118956218,1.4549286668840569,-2.744399430379737
5.885885885885886,0.7005710907936046,1.4271656423289314,-2.802097086574861
5.895895895895896,0.7147156892960154,1.3988306271127884,-2.858671720172914
5.905905905905906,0.7285738382357951,1.3699349772604046,-2.9141006492551282
5.915915915915916,0.7421399834085602,1.3404902737743474,-2.968361618964833
5.925925925925926,0.7554086879274077,1.3105083182220696,-3.0214328796753085
5.935935935935936,0.7683746338677221,1.280001127034101,-3.073293185761865
5.945945945945946,0.7810326246389172,1.248980927115726,-3.1239217561074457
5.955955955955956,0.7933775870660636,1.2174601509358538,-3.173298304906736
5.965965965965966,0.8054045734167121,1.1854514315219975,-3.2214030506446547
5.975975975975976,0.817108763375519,1.1529675973693942,-3.2682167036956518
5.985985985985986,0.8284854660793893,1.1200216676842467,-3.31372047618422
5.995995995995996,0.8395301219763752,1.0866268470954359,-3.357896134120484
6.006006006006006,0.850238304512119,1.0527965198540068,-3.400725988422286
6.016016016016016,0.8606057219697385,1.0185442447246194,-3.4421928775376136
6.026026026026026,0.8706282191800674,0.9838837495329334,-3.4822801882517878
6.036036036036036,0.8803017791746254,0.9488289256404995,-3.5209718626030475
6.046046046046046,0.889622524782928,0.9133938223536933,-3.5582523781161517
6.056056056056056,0.8985867204532856,0.8775926417943303,-3.5941067686915664
6.066066066066066,0.907190773580702,0.8414397328903986,-3.6285206719200938
6.076076076076076,0.9154312357727652,0.8049495852994335,-3.6614803082745295
6.086086086086086,0.9233048043452639,0.7681368238158335,-3.692972471094453
6.096096096096096,0.9308083236369661,0.7310162024947398,-3.7229845435244675
6.106106106106106,0.9379387862629972,0.6936025987202485,-3.751504503211054
6.116116116116116,0.944693334315506,0.6559110072352592,-3.7785209049144557
6.126126126126126,0.9510692607729745,0.617956534557797,-3.8040229044869953
6.136136136136136,0.9570640103393214,0.5797543925308148,-3.8280002901264587
6.146146146146146,0.9626751803972875,0.5413198921128228,-3.8504434606666487
6.156156156156156,0.9679005220448993,0.5026684373623134,-3.871343424501584
6.166166166166166,0.9727379409860426,0.46381551924992825,-3.890691810100746
6.176176176176176,0.9771854983561877,0.4247767094323685,-3.908480867667204
6.186186186186186,0.9812414115146539,0.3855676540313656,-3.9247034462152297
6.196196196196196,0.9849040551508007,0.34620406786649804,-3.939353028640818
6.206206206206206,0.9881719614472095,0.30670172753204994,-3.9524237584413324
6.216216216216216,0.9910438206823516,0.2670764650948998,-3.9639104057874723
6.226226226226226,0.9935184818317435,0.22734416185061906,-3.9738083715168737
6.236236236236236,0.9955949530121904,0.18752074194140883,-3.982113695070411
6.246246246246246,0.9972724018582733,0.14762216595331354,-3.9888230564517344
6.256256256256256,0.9985501558304383,0.10766442449492766,-3.993933770769795
6.266266266266266,0.999427702599529,0.0676635319038682,-3.9974437519812196
6.276276276276276,0.9999046909798933,0.027635520551359705,-3.9993515755952354
6.286286286286286,0.9999809299323269,-0.012403566706647023,-3.9996565016460974
6.296296296296296,0.9996563889131574,-0.0524376826847984,-3.998358414269253
6.306306306306306,0.9989311979735322,-0.09245078220753297,-3.995457835895376
6.316316316316316,0.9978056476904458,-0.13242682854856969,-3.990955932184823
6.326326326326326,0.9962801890294298,-0.1723497998688908,-3.984854511756892
6.336336336336336,0.9943554331384663,-0.21220369565080976,-3.977156019484678
6.346346346346346,0.9920321513223522,-0.2519725430017172,-3.9678635221477827
6.356356356356356,0.9893112752457757,-0.2916404028009155,-3.9569807395485137
6.366366366366366,0.9861938954734805,-0.33119137662631204,-3.9445120460971146
6.376376376376376,0.9826812614190249,-0.3706096129329899,-3.9304624414035074
6.386386386386386,0.9787747808694717,-0.409879313391147,-3.9148375582237027
6.396396396396396,0.9744760194021943,-0.4489847392237547,-3.8976436613000285
6.406406406406406,0.9697866997341233,-0.4879102175212777,-3.8788876449447716
6.416416416416417,0.9647087010031734,-0.5266401475309573,-3.858577023654816
6.426426426426427,0.9592440584175692,-0.5651590067836364,-3.8367199251147692
6.436436436436437,0.9533949626657213,-0.6034513572429647,-3.8133251085693236
6.446446446446447,0.9471637580308249,-0.6415018518000393,-3.7884019576682797
6.456456456456457,0.9405529419058367,-0.6792952402793667,-3.761960461144299
6.466466466466467,0.9335651637861494,-0.7168163755466719,-3.73401121594917
6.476476476476477,0.9262032241883599,-0.7540502195776484,-3.7045654230838645
6.486486486486487,0.9184700735041607,-0.7909818494822848,-3.6736348830356444
6.496496496496497,0.910368810789838,-0.8275964634822659,-3.6412319948433485
6.506506506506507,0.9019026831182658,-0.8638793869165861,-3.6073697496953243
6.516516516516517,0.8930750840246252,-0.8998160780907809,-3.5720617181579812
6.526526526526527,0.8838895515268916,-0.935392134026856,-3.5353220484721657
6.536536536536537,0.874349767069308,-0.9705932962784118,-3.497165464531832
6.546546546546547,0.8644595540306714,-1.0054054566401058,-3.4576072575177754
6.556556556556557,0.8542228761718222,-1.0398146627952842,-3.416663279594081
6.566566566566567,0.843643836022479,-1.0738071238992466,-3.3743499377026787
6.576576576576577,0.8327266732286919,-1.1073692161026452,-3.3306841998396637
6.586586586586587,0.8214757636042278,-1.140487488260401,-3.2856835766591272
6.596596596596597,0.8098956166774053,-1.1731486670868119,-3.2393660979367582
6.606606606606607,0.7979908736488796,-1.205339662393269,-3.1917503210852938
6.616616616616617,0.7857663057839582,-1.2370475724138448,-3.142855327223842
6.626626626626627,0.7732268124844736,-1.268259688964317,-3.092700708830344
6.636636636636637,0.7603774193055408,-1.2989635025205584,-3.041306561562128
6.646646646646647,0.7472232759175431,-1.329146707213809,-2.988693478487186
6.656656656656657,0.733769654082777,-1.358797205793575,-2.9348825713941866
6.666666666666667,0.7200219462882698,-1.3879031150495285,-2.8798954243187422
6.676676676676677,0.7059856626385029,-1.4164527698440004,-2.8237540588914425
6.686686686686687,0.6916664287186863,-1.444434727840148,-2.766480967461186
6.696696696696697,0.6770699834866979,-1.4718377741975777,-2.708099100619857
6.706706706706707,0.6622021769574706,-1.4986509260507557,-2.648631851501193
6.716716716716717,0.6470689678392947,-1.5248634368902942,-2.588103045961565
6.726726726726727,0.6316764211225634,-1.550464800844781,-2.5265369170229897
6.736736736736737,0.6160307059159783,-1.5754447565504142,-2.4639582376664744
6.746746746746747,0.6001380929023592,-1.599793294091357,-2.40039208039282
6.756756756756757,0.5840049520661987,-1.623500654055776,-2.335863840459733
6.766766766766767,0.5676377493478365,-1.6465573349414018,-2.270399421683052
6.776776776776777,0.5510430444850928,-1.6689540959313125,-2.2040250516448343
6.786786786786787,0.534227488361491,-1.690681960599957,-2.1367673221360035
6.796796796796797,0.5171978203177167,-1.7117322204985999,-2.0686531771100403
6.806806806806807,0.4999608654263155,-1.732096438620178,-1.9997099102815756
6.816816816816817,0.4825235318557163,-1.7517664529366694,-1.9299651817973562
6.826826826826827,0.4648928084468263,-1.7707343801977027,-1.8594469691599749
6.836836836836837,0.447075761519436,-1.7889926184854177,-1.7881835419168093
6.846846846846847,0.42907953220188305,-1.8065338505063475,-1.7162034657683412
6.856856856856857,0.4109113333660243,-1.8233510462285276,-1.6435355577665094
6.866866866866867,0.3925784464433488,-1.8394374652764478,-1.570208923467117
6.876876876876877,0.37408821895300803,-1.8547866603119534,-1.4962529498827168
6.886886886886887,0.3554480613116921,-1.8693924792881138,-1.4216972784076813
6.896896896896897,0.33666544422436673,-1.8832490682880831,-1.3465718120932395
6.906906906906907,0.31774789572054135,-1.896350873924615,-1.2709066666871793
6.916916916916917,0.2987029977368104,-1.9086926451987374,-1.1947321667806226
6.926926926926927,0.2795383832526532,-1.920269435822125,-1.1180788374777337
6.936936936936937,0.26026173323446716,-1.9310766059090023,-1.0409773890474405
6.946946946946947,0.2408807735360014,-1.941109823991243,-0.9634587262732325
6.956956956956957,0.22140327177368718,-1.9503650688974554,-0.8855539246885332
6.966966966966967,0.2018370342034032,-1.9588386312923147,-0.8072942043743102
6.976976976976977,0.1821899028074198,-1.9665271150310752,-0.7287109270754256
6.986986986986987,0.16246975195640004,-1.973427438641172,-0.6498355913820295
6.996996996996997,0.1426844852159501,-1.979536836580265,-0.5706998128055236
7.007007007007007,0.12284203221907145,-1.9848528603189604,-0.4913353044688969
7.017017017017017,0.10295034566161837,-1.989373379212275,-0.4117738720847176
7.027027027027027,0.08301739790267533,-1.9930965814818176,-0.33204740623614115
7.037037037037037,0.06305117777518109,-1.9960209749327182,-0.2521878619986593
7.047047047047047,0.043059687436160704,-1.9981453875278368,-0.17222724321899163
7.057057057057057,0.023050939335006272,-1.9994689677899553,-0.09219759596373395
7.067067067067067,0.003032952733280754,-1.9999911852448284,-0.012130997954903345
7.077077077077077,-0.016986249458113882,-1.9997118306118753,0.0679404613645564
7.087087087087087,-0.036998643743128126,-1.9986310158481406,0.14798469394085423
7.097097097097097,-0.056996209155313574,-1.9967491740765229,0.22796961861870324
7.107107107107107,-0.07697093088787775,-1.9940670595194379,0.3078631745518365
7.117117117117117,-0.09691480337288039,-1.9905857471585682,0.3876333391497276
7.127127127127127,-0.11681983353015943,-1.986306632309233,0.467248138763327
7.137137137137137,-0.13667804402173223,-1.9812314300662093,0.5466756635814228
7.147147147147147,-0.15648147619853234,-1.9753621745798753,0.6258840854972393
7.157157157157157,-0.17622219260002242,-1.9687012181443426,0.7048416617295566
7.167167167167167,-0.19589228136520204,-1.9612512304011054,0.7835167463924992
7.177177177177177,-0.2154838589672426,-1.9530151971955438,0.8618778120805568
7.187187187187187,-0.23498907330920488,-1.9439964193484416,0.939893460543894
7.197197197197197,-0.254400106844169,-1.9341985112987692,1.0175324300850137
7.207207207207207,-0.27370917975551984,-1.92362539972712,1.094763576697672
7.217217217217217,-0.2929085534918267,-1.912281322576093,1.1715559320195643
7.227227227227227,-0.31199053326385434,-1.900170826513515,1.2478787372716198
7.237237237237237,-0.33094747123465906,-1.887298765273358,1.3237014113367933
7.247247247247247,-0.3497717696065143,-1.8736702977580237,1.3989935727750225
7.257257257257257,-0.36845588362884085,-1.8592908859385227,1.4737250539714468
7.267267267267267,-0.38699232463395117,-1.8441662926735103,1.5478658814481712
7.277277277277277,-0.40537366375245515,-1.8283025800036243,1.6213863213213624
7.287287287287287,-0.4235925341210935,-1.81170610606047,1.6942569219977357
7.297297297297297,-0.4416416338316809,-1.7943835225061722,1.7664484876631081
7.307307307307307,-0.4595137289964457,-1.7763417719731205,1.8379320906201926
7.317317317317317,-0.477201656637455,-1.7575880852565187,1.9086790892148988
7.327327327327327,-0.49469832754972665,-1.7381299783952446,1.9786611153072966
7.337337337337337,-0.511996729333303,-1.7179752501152314,2.0478501014758344
7.347347347347347,-0.529089929065895,-1.6971319783656984,2.116218325024862
7.357357357357357,-0.5459710760018688,-1.6756085168815005,2.1837383948856632
7.367367367367367,-0.56263340438321,-1.653413491981601,2.25038325346607
7.377377377377377,-0.5790702361496223,-1.630555799094392,2.3161261959316093
7.387387387387387,-0.5952749836127561,-1.6070445991701574,2.3809408677943606
7.397397397397397,-0.6112411521166018,-1.582889315254665,2.4448012763345206
7.407407407407407,-0.6269623426358841,-1.5580996286729698,2.507681828882176
7.4174174174174174,-0.6424322543122964,-1.5326854748366034,2.569557333755756
7.4274274274274275,-0.65764468698979,-1.5066570394085903,2.630402995598202
7.4374374374374375,-0.672593543694681,-1.4800247542040068,2.6901944337591037
7.4474474474474475,-0.6872728330729878,-1.4527992929869866,2.748907683153209
7.4574574574574575,-0.7016766718362345,-1.4249915673540927,2.8065191944349523
7.4674674674674675,-0.7157992871653455,-1.3966127225278284,2.8630058749951464
7.4774774774774775,-0.7296350188932528,-1.367674132419255,2.918345097445363
7.4874874874874875,-0.7431783218232989,-1.338187395251645,2.9725146856371762
7.4974974974974975,-0.7564237679482344,-1.3081643289029952,3.0254929335930463
7.5075075075075075,-0.7693660486192082,-1.277616966150683,3.077258609903072
7.5175175175175175,-0.7819999767003368,-1.2465575499259567,3.1277909521304843
7.5275275275275275,-0.794320488739479,-1.2149985286705933,3.1770697019934677
7.5375375375375375,-0.806322646836921,-1.1829525508870484,3.2250751198525376
7.5475475475475475,-0.81800164067156,-1.150432460205077,3.271787969282503
7.5575575575575575,-0.8293527894306382,-1.117451290240752,3.317189532432769
7.5675675675675675,-0.8403715436790059,-1.0840222593555722,3.3612616150960166
7.5775775775775776,-0.8510534872045923,-1.050158765414005,3.403986531410054
7.587587587587588,-0.8613943389621966,-1.0158743808488644,3.4453471475530835
7.597597597597598,-0.8713899545178206,-0.9811828465440734,3.485326903649191
7.607607607607608,-0.8810363277625282,-0.9460980664614932,3.523909784327591
7.617617617617618,-0.8903295925347262,-0.9106341021130906,3.5610803332088667
7.627627627627628,-0.8992660241569507,-0.8748051668977521,3.5968236630073727
7.637637637637638,-0.9078420409129023,-0.8386256203712013,3.6311254621325997
7.647647647647648,-0.9160542054637464,-0.802109962450653,3.6639719894932545
7.657657657657658,-0.9238992263110827,-0.7652728277887537,3.6953500171857563
7.667667667667668,-0.9313739596812292,-0.7281289811256129,3.7252469394547827
7.677677677677678,-0.938475409903603,-0.6906933094813507,3.753650816266619
7.687687687687688,-0.9452007308161099,-0.6529808166357907,3.780550275870147
7.697697697697698,-0.9515472269748916,-0.6150066172717381,3.8059345427297253
7.707707707707708,-0.9575123547195586,-0.5767859308954558,3.8297934509942326
7.717717717717718,-0.9630937231740454,-0.538334075710292,3.8521174490807613
7.727727727727728,-0.9682890951822417,-0.49966646244539054,3.8728975943970902
7.737737737737738,-0.9730963883150052,-0.4607985883349749,3.8921255093792526
7.747747747747748,-0.9775136763574788,-0.4217460318271873,3.9097934661166978
7.757757757757758,-0.981539189035295,-0.38252444486917514,3.925894416990407
7.767767767767768,-0.9851713129841563,-0.3431495470025545,3.940421918563235
7.777777777777778,-0.9884085924714443,-0.3036371191722135,3.953370153521474
7.787787787787788,-0.9912497299628306,-0.264002997382505,3.9647339395971684
7.797797797797798,-0.9936935866215703,-0.22426306632742532,3.9745087320591144
7.807807807807808,-0.9957391827397931,-0.18443325299693714,3.9826906167667144
7.817817817817818,-0.9973856982656761,-0.1445295204462098,3.989276270361488
7.827827827827828,-0.9986324738438529,-0.10456786219890934,3.9942630347126937
7.837837837837838,-0.999479009907526,-0.06456429452603576,3.9976489403858473
7.847847847847848,-0.9999249671883307,-0.024534850379372863,3.999432637301173
7.857857857857858,-0.9999701669289571,0.01550442694145518,3.999613413452564
7.867867867867868,-0.999614590936795,0.055537490230288075,3.998191200517572
7.877877877877878,-0.9988583815690601,0.09554829481968485,3.9951665741340974
7.887887887887888,-0.997701841648904,0.1355208050277675,3.9905407482680686
7.897897897897898,-0.9961454344994737,0.17543900049071726,3.984315551546628
7.907907907907908,-0.9941897844961298,0.2152868821358081,3.9764934690354377
7.917917917917918,-0.991835675565099,0.2550484793502856,3.967077652963452
7.927927927927928,-0.9890840512176613,0.29470785616911044,3.9560718812829254
7.937937937937938,-0.9859360142458405,0.334249117614208,3.943480567169944
7.947947947947948,-0.9823928262614096,0.3736564160724126,3.929308760073049
7.957957957957958,-0.9784559071669003,0.4129139576557105,3.9135621438210477
7.967967967967968,-0.974126834558307,0.45200600854130246,3.896247030456849
7.977977977977978,-0.9694073432699832,0.49091690120840015,3.8773703426795363
7.987987987987988,-0.9642993254341563,0.5296310404267787,3.8569396395392492
7.997997997997998,-0.9588048284042519,0.5681329100079847,3.8349631203489576
8.008008008008009,-0.9529260543198628,0.6064070788722032,3.8114495947418345
8.018018018018019,-0.9466653592945524,0.6444382072000134,3.7864084867137717
8.028028028028029,-0.9400252524522484,0.6822110525801867,3.759849832457876
8.038038038038039,-0.933008394897939,0.719710476118089,3.7317842763035736
8.048048048048049,-0.9256175986225563,0.7569214485021801,3.7022230667323193
8.058058058058059,-0.9178558255698551,0.79382905603265,3.671178052939543
8.068068068068069,-0.9097261871907716,0.8304185066190879,3.6386616778073133
8.078078078078079,-0.9012319418603357,0.866675135668432,3.604686972359183
8.088088088088089,-0.892376493980215,0.9025844119716241,3.5692675524751083
8.098098098098099,-0.8831633926783973,0.9381319435257915,3.532417612702305
8.108108108108109,-0.8735963303676676,0.9733034832969956,3.494151920305441
8.118118118118119,-0.863679141242356,1.0080849349232979,3.4544858091771515
8.128128128128129,-0.8534157997134516,1.0424623583555972,3.413435148199899
8.138138138138139,-0.8428104190901243,1.0764219749272999,3.3710164791293447
8.148148148148149,-0.8318672503143759,1.109950175755584,3.3272467772330616
8.158158158158159,-0.8205906795204012,1.1430335220190528,3.282143505835559
8.168168168168169,-0.808985226215267,1.1756587544509907,3.2357248003561194
8.178178178178179,-0.797055541687367,1.2078127973014576,3.1880092567770326
8.188188188188189,-0.7848064071200779,1.239482763595676,3.1390159919201475
8.198198198198199,-0.7722427316505178,1.270655960302862,3.088764634500083
8.208208208208209,-0.7593695503734067,1.3013198934154975,3.0372753209424372
8.218218218218219,-0.7461920224393885,1.3314622730344423,2.984568703914443
8.228228228228229,-0.7327154294969506,1.3610710186189898,2.930665919179484
8.238238238238239,-0.7189451729224126,1.390134263408406,2.8755885673461026
8.248248248248249,-0.7048867718604077,1.4186403593065995,2.8193587278198935
8.258258258258259,-0.6905458610615874,1.4465778815829784,2.761998931143685
8.268268268268269,-0.6759281882092654,1.47393563320337,2.7035321539936095
8.278278278278279,-0.6610396117768365,1.5007026494306983,2.643981828688338
8.288288288288289,-0.6458860988466315,1.5268682023462796,2.5833718243425126
8.298298298298299,-0.6304737225337105,1.552421805073191,2.521726431382923
8.308308308308309,-0.6148086596961727,1.5773532159875794,2.4590703560614258
8.318318318318319,-0.5988971890235976,1.6016524428321786,2.39542871261934
8.328328328328329,-0.5827456876816297,1.6253097467707494,2.330827014757282
8.338338338338339,-0.5663606289892248,1.6483156463308228,2.2652911651733256
8.348348348348349,-0.5497485798431364,1.6706609212486938,2.1988474183779236
8.358358358358359,-0.5329161982042461,1.6923366156677182,2.131522384474438
8.368368368368369,-0.5158702303364912,1.7133340420589929,2.0633430558313637
8.378378378378379,-0.49861750802604804,1.7336447849536314,1.994336774536189
8.388388388388389,-0.4811649458494306,1.7532607042118695,1.9245312023916208
8.398398398398399,-0.46351953848885724,1.7721739381546648,1.85395429409513
8.408408408408409,-0.44568835820521946,1.790376906295856,1.7826343280500485
8.418418418418419,-0.4276785515325029,1.8078623130906017,1.7105999069496745
8.428428428428429,-0.40949733652996184,1.824623150679233,1.637879911369784
8.438438438438439,-0.39115199987897487,1.8406527017066134,1.5645034762170753
8.448448448448449,-0.37264989426896067,1.8559445415944897,1.4904999942200363
8.458458458458459,-0.35399843521625224,1.8704925414307383,1.4158991332509334
8.468468468468469,-0.33520509796717923,1.8842908705885024,1.3407308049080635
8.478478478478479,-0.31627741455051883,1.8973339989864553,1.2650251388247404
8.488488488488489,-0.29722297086429517,1.9096166991936023,1.18881245969052
8.498498498498499,-0.2780494039140562,1.9211340482295087,1.1121233078021389
8.508508508508509,-0.2587643982329963,1.931881430080532,1.0349884333869084
8.518518518518519,-0.2393756829524193,1.9418545373864038,0.9574387576110341
8.528528528528529,-0.21989102869310473,1.951049373175848,0.8795053458208609
8.538538538538539,-0.20031824498332862,1.959462252017452,0.8012194181533219
8.548548548548549,-0.18066517657027928,1.9670898019677063,0.7226123640892959
8.558558558558559,-0.16093970016447057,1.9739289660132338,0.6437157016975821
8.568568568568569,-0.1411497213856044,1.9799770032028932,0.5645610620917606
8.578578578578579,-0.12130317154432126,1.9852314897788346,0.48518018313079736
8.588588588588589,-0.10140800440612194,1.9896903201824887,0.4056048833770645
8.598598598598599,-0.08147219335088461,1.9933517076642613,0.32586701736680834
8.608608608608609,-0.061503729084317116,1.9962141843940364,0.2459985286339374
8.618618618618619,-0.04151061475457672,1.9982766031324082,0.1660314460962781
8.62862862862863,-0.02150086335091845,1.9995381372688368,0.0859978127465422
8.63863863863864,-0.001482494575692328,1.9999982810652719,0.005929690791800435
8.64864864864865,0.018536468340657673,1.9996568497972012,-0.07414085013365826
8.65865865865866,0.038548001822968886,1.9985139797612947,-0.1541816840454054
8.66866866866867,0.05854408568900034,1.9965701293958917,-0.23416067400228674
8.67867867867868,0.07851670603857631,1.9938260783798676,-0.31404578327543814
8.68868868868869,0.09845785810560746,1.9902829265275146,-0.39380502809482293
8.6986986986987,0.11835954967704214,1.9859420938334247,-0.4734064534638739
8.70870870870871,0.13821380426557633,1.9808053198515612,-0.5528181734516536
8.71871871871872,0.1580126642695235,1.9748746629334917,-0.6320083725626754
8.72872872872873,0.17774819426822347,1.9681524995800361,-0.7109452524977806
8.73873873873874,0.1974124849452788,1.960641524745348,-0.7895971453288854
8.74874874874875,0.21699765518566194,1.9523447489228012,-0.8679325686633895
8.75875875875876,0.2364958554813638,1.9432654973446795,-0.9459201403826941
8.76876876876877,0.25589927116199007,1.9334074087749995,-1.0235286133164392
8.77877877877878,0.27520012551946416,1.922774434015021,-1.1007268962646943
8.78878878878879,0.29439068291611736,1.9113708342752058,-1.1774840377618783
8.7987987987988,0.3134632520036577,1.8992011800057742,-1.2537692329247982
8.80880880880881,0.33241018882242723,1.8862703491315662,-1.3295519080026705
8.81881881881882,0.35122389967061407,1.872583524189905,-1.4048017144071094
8.82882882882883,0.3698968442453074,1.8581461906849774,-1.4794884964047035
8.83883883883884,0.38842153866559803,1.8429641348724934,-1.5535823259242583
8.84884884884885,0.4067905584726981,1.8270434414172245,-1.6270535130146642
8.85885885885886,0.4249965416041162,1.810390490968296,-1.6998725921295426
8.86886886886887,0.4430321913209777,1.7930119580913078,-1.7720103632986985
8.87887887887888,0.46089027915605335,1.774914808019373,-1.8434379277247974
8.88888888888889,0.4785636478074157,1.756106293872593,-1.9141266667016699
8.8988988988989,0.4960452139994971,1.7365939538311514,-1.984048254883849
8.90890890890891,0.5133279713180271,1.7163856080891327,-2.0531746772063517
8.91891891891892,0.5304049930131208,1.6954893556888821,-2.1214782270019703
8.92892892892893,0.5472694348120757,1.6739135715125166,-2.1889314985959505
8.93893893893894,0.5639145377147846,1.6516669032645388,-2.255507451728217
8.94894894894895,0.5803336305731241,1.6287582671736134,-2.3211794235715355
8.95895895895896,0.596520132813001,1.6051968447345781,-2.385921097966316
8.96896896896897,0.6124675570705429,1.5809920790261396,-2.449706532897956
8.97897897897898,0.6281695117873985,1.5561536709027872,-2.5125101715432883
8.98898898898899,0.6436197037692557,1.530691575091339,-2.57430682709587
8.998998998999,0.6588119408090407,1.5046159966866537,-2.635071712599695
9.00900900900901,0.6737401340831765,1.4779373866509047,-2.694780483732545
9.01901901901902,0.6883983005558433,1.450666437452769,-2.7534092207899254
9.02902902902903,0.7027805654066624,1.4228140789273827,-2.81093443069376
9.03903903903904,0.7168811643802377,1.3943914738753163,-2.867333064963266
9.04904904904905,0.7306944460899001,1.3654100135627527,-2.9225825198710718
9.05905905905906,0.7442148743232663,1.3358813133173368,-2.976660616177956
9.06906906906907,0.7574370304022557,1.305817208434065,-3.0295456696249463
9.07907907907908,0.7703556150837946,1.2752297483598805,-3.0812165113730736
9.08908908908909,0.7829654507648454,1.2441311921903597,-3.131652441491051
9.0990990990991,0.7952614835633243,1.212534003785485,-3.1808332552773386
9.10910910910911,0.8072387853327138,1.180450846739362,-3.228739254928119
9.11911911911912,0.8188925556236967,1.1478945792623996,-3.2753512582208435
9.12912912912913,0.8302181235916916,1.114878248977183,-3.3206505856182993
9.13913913913914,0.8412109499838916,1.08141508805883,-3.3646189986154336
9.14914914914915,0.8518666293753421,1.0475185092651622,-3.4072388472864525
9.15915915915916,0.8621808911679347,1.0132020981231653,-3.448493105631111
9.16916916916917,0.8721496015399388,0.9784796082515264,-3.4883652507904013
9.17917917917918,0.8817687651357807,0.9433649559651993,-3.526839309357729
9.18918918918919,0.8910345266541486,0.907872214670791,-3.563899871275114
9.1991991991992,0.8999431723768704,0.8720156091929248,-3.5995320966489635
9.20920920920921,0.9084911316375592,0.8358095100331742,-3.633721706597596
9.21921921921922,0.9166749783865389,0.7992684278796596,-3.666454935405851
9.22922922922923,0.9244914330774798,0.7624070088238478,-3.697718642486583
9.23923923923924,0.9319373630543811,0.7252400266286769,-3.727500340789259
9.24924924924925,0.9390097840891927,0.6877823773766154,-3.755788104287238
9.25925925925926,0.9457058616210516,0.6500490735898934,-3.7825706024634425
9.26926926926927,0.952022911877131,0.6120552381881581,-3.8078371109104188
9.27927927927928,0.9579584029295048,0.5738160983964916,-3.831577516195269
9.28928928928929,0.9635099556871681,0.5353469796056702,-3.8537823059058467
9.2992992992993,0.9686753449976,0.49666329947945764,-3.8744425202359882
9.30930930930931,0.9734525011402176,0.45778056278412893,-3.8935498569590994
9.31931931931932,0.9778395095880115,0.4187143533941904,-3.9110966983027735
9.32932932932933,0.9818346120926114,0.3794803285838732,-3.927076020220393
9.33933933933934,0.9854362074422779,0.3400942128492376,-3.9414814229386614
9.34934934934935,0.9886428520866215,0.3005717915881042,-3.9543071394718385
9.35935935935936,0.9914532606942033,0.2609289047517033,-3.9655480383400254
9.36936936936937,0.9938663066423109,0.2211814404701858,-3.9751996164133847
9.37937937937938,0.9958810226276739,0.1813453288475314,-3.9832579644722346
9.38938938938939,0.9974966017389171,0.14143653627654745,-3.9897198377406515
9.3993993993994,0.9987123965853101,0.10147105782169254,-3.9945826743057378
9.40940940940941,0.999527919903851,0.061464911165321476,-3.9978445318880484
9.41941941941942,0.9999428448185484,0.021434130256366243,-3.999504107163608
9.42942942942943,0.9999570049531894,-0.018605241130246253,-3.9995607405615017
9.43943943943944,0.999570394475594,-0.058637155840961123,-3.9980144168253537
9.44944944944945,0.9987831680728279,-0.0986455697954185,-3.9948657577262345
9.45945945945946,0.997595641052374,-0.1386144482879328,-3.990115991715161
9.46946946946947,0.996008289959299,-0.17852777183175805,-3.9837670093900903
9.47947947947948,0.9940217511091598,-0.21836954357101768,-3.9758213774653663
9.48948948948949,0.9916368206952866,-0.25812379540463826,-3.966282285060647
9.4994994994995,0.9888544545423998,-0.2977745943229826,-3.9551535571074683
9.50950950950951,0.9856757677044038,-0.33730604880018317,-3.942439656362604
9.51951951951952,0.9821020339940058,-0.37670231517108277,-3.928145681746683
9.52952952952953,0.9781346854438303,-0.41594760399030695,-3.912277363211348
9.53953953953954,0.9737753118969291,-0.4550261863064451,-3.8948410460377865
9.54954954954955,0.9690256611628116,-0.49392239970677915,-3.8758437126847425
9.55955955955956,0.96388763697791,-0.5326206550288624,-3.8552929867840686
9.56956956956957,0.958363298613494,-0.571105442485239,-3.8331971068946533
9.57957957957958,0.9524548601317951,-0.6093613378495761,-3.8095649294342184
9.58958958958959,0.9461646894794038,-0.6473730086400782,-3.784405926706554
9.5995995995996,0.9394953075146103,-0.6851252202661238,-3.7577301831001666
9.60960960960961,0.9324493869685642,-0.722602842135577,-3.729548357905521
9.61961961961962,0.9250297515505526,-0.7597908530570251,-3.69987182839867
9.62962962962963,0.9172393755370386,-0.7966743502116265,-3.668712454075419
9.63963963963964,0.9090813813924153,-0.8332385498353118,-3.6360826463917624
9.64964964964965,0.9005590387506928,-0.8694687975868369,-3.6019955514728728
9.65965965965966,0.8916757632349318,-0.9053505728878217,-3.5664648242507564
9.66966966966967,0.882435115068148,-0.9408694947690343,-3.5295047002607634
9.67967967967968,0.8728407976222496,-0.976011327647797,-3.491129988760474
9.68968968968969,0.862896655905012,-1.0107619870365112,-3.4513560673301114
9.6996996996997,0.8526066750964697,-1.0451075452119634,-3.4101988833891475
9.70970970970971,0.8419749795434359,-1.0790342369542119,-3.367674937546389
9.71971971971972,0.8310058304373839,-1.1125284648825617,-3.3238012711245135
9.72972972972973,0.8197036242643851,-1.1455768049446926,-3.2785954694397237
9.73973973973974,0.8080728911230981,-1.178166011818292,-3.232075648917292
9.74974974974975,0.7961182925722353,-1.210283024142236,-3.184260448878411
9.75975975975976,0.78384461971965,-1.2419149697537957,-3.13516903325798
9.76976976976977,0.7712567916440335,-1.2730491709542076,-3.08482108168211
9.77977977977978,0.7583598531928584,-1.3036731495672513,-3.0332367759326266
9.78978978978979,0.7451589730031519,-1.3337746319338397,-2.980436780768952
9.7997997997998,0.7316594421031436,-1.3633415535866498,-2.9264422524093945
9.80980980980981,0.7178666710305336,-1.3923620644145083,-2.8712748424825607
9.81981981981982,0.7037861877628164,-1.4208245334161305,-2.814956674421876
9.82982982982983,0.6894236355707227,-1.4487175533919232,-2.75751031677241
9.83983983983984,0.6747847708077018,-1.4760299451633259,-2.6989587674117077
9.84984984984985,0.659875460611341,-1.5027507619487142,-2.639325494336014
9.85985985985986,0.6447016804367407,-1.528869294399282,-2.5786344209477154
9.86986986986987,0.6292695116783209,-1.5543750746804001,-2.516909883546785
9.87987987987988,0.6135851392373993,-1.579257880656475,-2.4541765974994796
9.88988988988989,0.5976548493643927,-1.6035077392950043,-2.390459686255993
9.8998998998999,0.5814850267818565,-1.6271149314323707,-2.325784705332135
9.90990990990991,0.5650821521287682,-1.65006999565801,-2.2601775913824675
9.91991991991992,0.5484527993811475,-1.6723637320606484,-2.1936646381811893
9.92992992992993,0.5316036333618697,-1.6939872056316074,-2.126272478309053
9.93993993993994,0.5145414071705626,-1.7149317496444132,-2.0580281200298374
9.94994994994995,0.49727295912992675,-1.735188969796369,-1.9889589356887036
9.95995995995996,0.479805210150783,-1.7547507473558988,-1.9190926176449266
9.96996996996997,0.4621451609542232,-1.773609242421893,-1.8484571503872567
9.97997997997998,0.444299889622991,-1.7917568965128008,-1.777080827228098
9.98998998998999,0.42627654839747436,-1.8091864361601933,-1.7049922686937518
10.0,0.40808236077860044,-1.825890875866029,-1.668773526612996
