time,position,velocity,acceleration,predicted_acceleration
0.0,1.0,0.0,-3.9997313500264258,-4.0059023
0.01001001001001,0.999799606242566,-0.0400373508511153,-3.9989305556662234,-4.0037217
0.02002002002002,0.9991985049769212,-0.0800586697831075,-3.9965270495287673,-4.000069
0.03003003003003,0.9981969371214966,-0.1200479023932328,-3.99252108161818,-3.994945
0.04004004004004,0.9967953040687764,-0.1599890217674555,-3.986914921105403,-3.9883523
0.05005005005005,0.9949941676107168,-0.1998660189318795,-3.979710797549674,-3.980293
0.06006006006006,0.9927942495591092,-0.2396629116082898,-3.970911686674892,-3.9707704
0.07007007007007,0.9901964316848866,-0.2793637503968423,-3.9605211269098586,-3.9597886
0.08008008008008,0.9872017551515124,-0.3189526238587374,-3.9485432306080086,-3.947352
0.09009009009009,0.983811420137344,-0.3584136649235292,-3.9349828006590046,-3.933465
0.1001001001001,0.9800267855636752,-0.3977310583063652,-3.919845280102833,-3.9181342
0.1101101101101101,0.975849368116832,-0.4368890459065689,-3.903136726984736,-3.9034567
0.1201201201201201,0.9712808422050854,-0.475871933721475,-3.884863844108151,-3.8855753
0.1301301301301301,0.966323038717656,-0.514664097840666,-3.865033954083661,-3.866044
0.1401401401401401,0.9609779447409864,-0.553249990860287,-3.84365500679233,-3.8451164
0.1501501501501501,0.9552477025448822,-0.5916141480266986,-3.8207355679147494,-3.8228
0.1601601601601601,0.949134608655098,-0.6297411934211429,-3.7962848200830335,-3.799104
0.1701701701701701,0.9426411130442144,-0.6676158461264591,-3.770312545497806,-3.7714643
0.1801801801801801,0.9357698175926144,-0.7052229260637416,-3.742829157977549,-3.7439349
0.1901901901901901,0.928523476338816,-0.7425473608006843,-3.713845707638032,-3.7154987
0.2002002002002001,0.9209049941274046,-0.7795741914819204,-3.683373844557456,-3.6846883
0.2102102102102102,0.9129174255290068,-0.8162885789099427,-3.651425751903549,-3.6524775
0.2202202202202202,0.9045639716905302,-0.8526758081366461,-3.6180141799055647,-3.6189818
0.2302302302302302,0.8958479801314434,-0.8887212952243684,-3.583152535424031,-3.5830293
0.2402402402402402,0.8867729439935128,-0.9244105936306208,-3.5468548139508074,-3.5476584
0.2502502502502503,0.8773424999088515,-0.959729399607768,-3.5091355651762344,-3.5084085
0.2602602602602603,0.8675604268033866,-0.9946635578984132,-3.4700098956644916,-3.4712849
0.2702702702702703,0.8574306462724526,-1.0291990671886386,-3.4294934800132646,-3.433392
0.2802802802802803,0.8469572183664233,-1.063322086026807,-3.3876025631682056,-3.3942084
0.2902902902902903,0.8361443404903185,-1.0970189383231372,-3.34435393943635,-3.35034
0.3003003003003003,0.8249963457752028,-1.1302761188483554,-3.2997649391881136,-3.3037114
0.3103103103103103,0.8135177021299917,-1.1630802984670434,-3.253853420783729,-3.2558289
0.3203203203203203,0.8017130105963859,-1.1954183294746563,-3.206637789458147,-3.2067118
0.3303303303303303,0.7895870023285013,-1.2272772512089485,-3.1581369869555025,-3.1563797
0.3403403403403403,0.7771445372024802,-1.2586442951794712,-3.108370467470594,-3.107306
0.3503503503503503,0.7643906018667153,-1.2895068901973483,-3.0573581499246685,-3.057253
0.3603603603603603,0.7513303080702621,-1.3198526665493344,-3.0051204534787375,-3.0056336
0.3703703703703703,0.7379688902872829,-1.3496694618385645,-2.9516783361406285,-2.953413
0.3803803803803803,0.7243117035966032,-1.3789453259315292,-2.8970532379656664,-2.900105
0.3903903903903903,0.7103642215727478,-1.407668525661701,-2.8412670570056724,-2.8447306
0.4004004004004003,0.6961320341580892,-1.435827549295006,-2.784342117427218,-2.7872653
0.4104104104104104,0.6816208455762118,-1.4634111105951788,-2.7263012245704124,-2.727996
0.4204204204204204,0.6668364717397702,-1.4904081543915109,-2.6671676686251584,-2.6692
0.4304304304304304,0.6517848379951692,-1.5168078607178046,-2.606965165003571,-2.6093283
0.4404404404404404,0.6364719767274849,-1.5425996491863772,-2.5457178284616724,-2.5484056
0.4504504504504504,0.620904025215972,-1.5677731826089292,-2.4834501786933325,-2.4864564
0.4604604604604604,0.6050872230215636,-1.59231837148254,-2.4201871814524467,-2.4235048
0.4704704704704704,0.5890279093071158,-1.616225378433803,-2.355954212944782,-2.3575773
0.4804804804804805,0.5727325203683862,-1.639484621991945,-2.290777025521006,-2.2911398
0.4904904904904905,0.5562075870964511,-1.6620867803461354,-2.224681708873118,-2.2277231
0.5005005005005005,0.5394597327351792,-1.6840227943417572,-2.1576947373224087,-2.1626997
0.5105105105105106,0.5224956696798657,-1.705283872184422,-2.089842987914431,-2.0946627
0.5205205205205206,0.5053221968677639,-1.7258614927985023,-2.0211536755452704,-2.0257804
0.5305305305305306,0.4879461970534191,-1.7457474092323753,-1.9516543514066,-1.9560797
0.5405405405405406,0.4703746340362086,-1.764933651985822,-1.88137282975394,-1.8855897
0.5505505505505506,0.4526145505785876,-1.7834125309491708,-1.810337234922509,-1.8143377
0.5605605605605606,0.4346730649055897,-1.8011766396719582,-1.7385760637750272,-1.742353
0.5705705705705706,0.4165573677197377,-1.8182188585522745,-1.6661181027324108,-1.6696639
0.5805805805805806,0.3982747194490396,-1.8345323574443788,-1.5929924085117784,-1.5962998
0.5905905905905906,0.3798324472869927,-1.85011059846242,-1.519228274032501,-1.5222895
0.6006006006006006,0.3612379427793376,-1.86494733790549,-1.444855223647161,-1.4476638
0.6106106106106106,0.3424986587038381,-1.8790366289658669,-1.369903072701974,-1.372452
0.6206206206206206,0.3236221055252268,-1.8923728248464704,-1.2944018887579134,-1.2966839
0.6306306306306306,0.3046158486284201,-1.904950580692752,-1.2183819457593412,-1.2203903
0.6406406406406406,0.2854875052334155,-1.9167648557926031,-1.1418737119882998,-1.1436013
0.6506506506506506,0.2662447416375175,-1.9278109152670924,-1.0649078108390846,-1.0663488
0.6606606606606606,0.2468952705744855,-1.9380843314850775,-0.9875150813192836,-0.9886626
0.6706706706706707,0.2274468470984046,-1.947580986965176,-0.9097265703032452,-0.91057444
0.6806806806806807,0.2079072658180856,-1.9562970756352929,-0.83157346498245,-0.832252
0.6906906906906907,0.1882843577371611,-1.9642291043822424,-0.753087095567232,-0.755515
0.7007007007007007,0.1685859872207901,-1.9713738943653671,-0.6742988904305418,-0.6785167
0.7107107107107107,0.1488200496093629,-1.977728581668139,-0.595240412126329,-0.60128915
0.7207207207207207,0.1289944669521172,-1.9832906193328617,-0.515943366978477,-0.5218923
0.7307307307307307,0.1091171850415688,-1.9880577782042448,-0.4364395463095141,-0.441091
0.7407407407407407,0.0891961702589545,-1.9920281477875064,-0.3567608228405893,-0.36013556
0.7507507507507507,0.0692394063694866,-1.995200137019872,-0.2769391144929137,-0.2790587
0.7607607607607607,0.049254892164101,-1.9975724744039811,-0.1970063958597355,-0.19789273
0.7707707707707707,0.0292506374197096,-1.999144209009056,-0.116994713974309,-0.11869663
0.7807807807807807,0.0092346595615639,-1.9999147109199833,-0.0369361461042588,-0.039726615
0.7907907907907907,-0.0107850194074369,-1.9998836713935255,0.0431372150017937,0.038521886
0.8008008008008007,-0.0308003762069103,-1.9990511030120397,0.1231932833947546,0.1186136
0.8108108108108109,-0.0508033887111128,-1.9974173393936303,0.2031999860826178,0.19943966
0.8208208208208209,-0.0707860396301305,-1.9949830352225977,0.2831252540089531,0.28014335
0.8308308308308309,-0.0907403201652799,-1.991749166140198,0.3629370474255587,0.36069232
0.8408408408408409,-0.1106582330051264,-1.987717028267131,0.4426033760372766,0.43748218
0.8508508508508509,-0.1305317955857848,-1.9828882376910033,0.5220923107065156,0.5188816
0.8608608608608609,-0.1503530428368048,-1.977264729754488,0.6013719999554745,0.60036856
0.8708708708708709,-0.1701140299065268,-1.9708487582124152,0.6804106698609095,0.6784977
0.8808808808808809,-0.189806836773736,-1.9636428945220377,0.7591766375997622,0.75699294
0.8908908908908909,-0.2094235708728197,-1.9556500267289365,0.8376383341593198,0.8355372
0.9009009009009008,-0.2289563702867242,-1.9468733583026316,0.915764313211504,0.9138107
0.9109109109109108,-0.2483974069541595,-1.9373164068448223,0.9935232640000744,0.98999965
0.9209209209209208,-0.2677388898695126,-1.9269830026669943,1.0708840188981117,1.0676662
0.9309309309309308,-0.2869730672780258,-1.9158772873473624,1.1478155653842064,1.1448534
0.9409409409409408,-0.3060922296477638,-1.904003712068712,1.2242870728176185,1.2215312
0.950950950950951,-0.3250887142934868,-1.8913670356393024,1.300267901886187,1.2969228
0.960960960960961,-0.3439549076385324,-1.8779723226415612,1.3757276091038275,1.3730117
0.970970970970971,-0.3626832482225428,-1.8638249413629493,1.4506359643096154,1.4493262
0.980980980980981,-0.3812662296795904,-1.8489305615943217,1.524962963714034,1.524054
0.990990990990991,-0.3996964036856489,-1.8332951522996053,1.5986787883363278,1.5974622
1.001001001001001,-0.4179663839614612,-1.816924980246247,1.671753837839716,1.6702354
1.011011011011011,-0.4360688487331347,-1.7998266069975088,1.7441588373603971,1.742345
1.021021021021021,-0.4539965427845904,-1.782006885404197,1.8158647987167265,1.8137617
1.031031031031031,-0.4717422808752957,-1.7634729573735504,1.886842989763508,1.8843572
1.0410410410410411,-0.4892989505829273,-1.7442322509744972,1.9570649736906032,1.9531665
1.0510510510510511,-0.5066595151087481,-1.7242924774197843,2.0265026201502585,2.0212188
1.0610610610610611,-0.5238170160705237,-1.703661627948466,2.0951280694188648,2.088486
1.0710710710710711,-0.5407645773300568,-1.682347971525513,2.1629137802809835,2.159117
1.0810810810810811,-0.5574954068860285,-1.6603600507656635,2.229832603071458,2.2281713
1.0910910910910911,-0.5740027992209629,-1.637706678170729,2.2958577379702203,2.2954478
1.1011011011011012,-0.5902801383383218,-1.6143969328883818,2.3609627303459906,2.3604407
1.1111111111111112,-0.6063209004008033,-1.5904401570426812,2.4251214977800335,2.4245486
1.1211211211211212,-0.6221186563288549,-1.5658459519518446,2.4883083382077227,2.4882975
1.1311311311311312,-0.6376670743859872,-1.5406241742957798,2.550497891459356,2.5495167
1.1411411411411412,-0.6529599231420855,-1.5147849331038097,2.611665201124204,2.6094892
1.1511511511511512,-0.6679910735138292,-1.4883385846836836,2.671785773779973,2.6710975
1.1611611611611612,-0.6827545012036571,-1.4612957284235295,2.7308355275073235,2.7302532
1.1711711711711712,-0.6972442892128994,-1.433667202751605,2.7887908001747324,2.7883222
1.1811811811811812,-0.7114546302101649,-1.405464080772384,2.8456283705737895,2.8448105
1.1911911911911912,-0.7253798288545321,-1.3766976658031809,2.901325464566635,2.8964777
1.2012012012012012,-0.7390143040830951,-1.347379486887166,2.955859734766201,2.9524493
1.2112112112112112,-0.7523525914265163,-1.3175212947367905,3.009209309138632,3.0063453
1.2212212212212212,-0.7653893450888973,-1.28713505627378,3.0613528229454494,3.0560412
1.2312312312312312,-0.7781193401007677,-1.2562329499330778,3.112269386083314,3.1086555
1.2412412412412412,-0.7905374744188298,-1.2248273608566966,3.161938597638105,3.1599398
1.2512512512512513,-0.802638770960967,-1.1929308759062889,3.210340559264725,3.2079334
1.2612612612612613,-0.8144183795887593,-1.1605562785891346,3.2574558762945376,3.2549224
1.2712712712712713,-0.8258715790982111,-1.1277165440485404,3.3032656333570563,3.3008876
1.2812812812812813,-0.836993779365404,-1.0944248344778822,3.3477514558311396,3.345811
1.2912912912912913,-0.8477805227873096,-1.0606944928807498,3.3908955355126658,3.3896742
1.3013013013013013,-0.8582274861701004,-1.026539037971122,3.432680586850572,3.4324596
1.3113113113113113,-0.8683304824834284,-0.9919721588096672,3.473089867174905,3.4741507
1.3213213213213213,-0.8780854625297276,-0.9570077092989518,3.512107187277783,3.5147297
1.3313313313313313,-0.8874885165559323,-0.92165970260791,3.5497169100622092,3.5505874
1.3413413413413413,-0.8965358758883317,-0.8859423056941028,3.5859039377071196,3.5826044
1.351351351351351,-0.9052239146188198,-0.8498698339851447,3.620653760056453,3.6175995
1.361361361361361,-0.9135491507106532,-0.8134567449322119,3.653952466618111,3.652073
1.371371371371371,-0.9215082475086877,-0.7767176324512486,3.6857867161713527,3.6854165
1.3813813813813811,-0.9290980150810244,-0.7396672210849375,3.716143754830084,3.7177277
1.3913913913913911,-0.936315411486651,-0.7023203600822779,3.745011422876736,3.7484407
1.4014014014014011,-0.9431575439809732,-0.6646920174237416,3.772378144655234,3.7741175
1.4114114114114114,-0.9496216703368138,-0.6267972741031942,3.7982329195630737,3.7986426
1.4214214214214214,-0.9557052000867128,-0.5886513183333898,3.822565383494114,3.822007
1.4314314314314314,-0.9614056950631438,-0.5502694385978065,3.8453658074554697,3.8442013
1.4414414414414414,-0.9667208705817182,-0.5116670178838308,3.866625058855238,3.8643775
1.4514514514514514,-0.9716485963495244,-0.4728595275096136,3.886334624424733,3.8832223
1.4614614614614614,-0.9761868973007284,-0.4338625208983507,3.9044866147389423,3.900949
1.4714714714714714,-0.9803339543659328,-0.3946916273146397,3.9210737679045793,3.91755
1.4814814814814814,-0.9840881051745112,-0.3553625455649257,3.936089427514187,3.9333053
1.4914914914914914,-0.9874478450608832,-0.3158910381752166,3.949527517142245,3.9483175
1.5015015015015014,-0.9904118280496086,-0.276292925602118,3.961382643695923,3.9599516
1.5115115115115114,-0.992978866263775,-0.2365840783414643,3.9716500932969288,3.9704251
1.5215215215215214,-0.99514793087246,-0.1967804112217991,3.980325754869789,3.979899
1.5315315315315314,-0.9969181525095856,-0.1568978770427699,3.987406155207941,3.9884918
1.5415415415415414,-0.9982888216042066,-0.116952460166585,3.992888462107348,3.9927056
1.5515515515515514,-0.9992593886426292,-0.0769601700936738,3.9967704858314383,3.9951925
1.5615615615615617,-0.9998294643617516,-0.0369370350248145,3.99905066666289,3.9962611
1.5715715715715717,-0.999998820218342,0.0031009043139916,3.9997280573524474,3.9974768
1.5815815815815817,-0.9997673889113626,0.0431376007580172,3.9988023816304454,3.9989543
1.5915915915915917,-0.9991352632542676,0.0831570080503368,3.9962740329528623,3.9976265
1.6016016016016017,-0.9981026966012968,0.1231430869032197,3.9921440280835623,3.9930081
1.6116116116116117,-0.9966701027562916,0.1630798114153731,3.986414025739518,3.986676
1.6216216216216215,-0.9948380557870624,0.2029511755066134,3.9790863271727903,3.9793591
1.6316316316316315,-0.9926072897710954,0.2427411993467603,3.970163875472284,3.9718187
1.6416416416416415,-0.9899786984721848,0.2824339357763288,3.959650244213924,3.9608827
1.6516516516516515,-0.9869533353011424,0.3220134765082003,3.947549619569378,3.9465032
1.6616616616616615,-0.9835324134205924,0.3614639581901302,3.93386684603464,3.9292545
1.6716716716716715,-0.9797173039640475,0.4007695695219068,3.918607425067358,3.9110894
1.6816816816816818,-0.9755095359894436,0.4399145572905778,3.901777474041898,3.8974884
1.6916916916916918,-0.9709107958856856,0.4788832326658887,3.8833837390196457,3.8827357
1.7017017017017018,-0.9659229266768612,0.5176599774911713,3.8634335931286015,3.8626661
1.7117117117117118,-0.960547927259211,0.5562292505463412,3.841935033650662,3.8405964
1.7217217217217218,-0.9547879515706312,0.5945755937804739,3.818896676734067,3.817319
1.7317317317317318,-0.9486453080226848,0.6326836384689452,3.794327749991941,3.7928417
1.7417417417417418,-0.9421224591543124,0.67053811129783,3.768238099152824,3.7650123
1.7517517517517518,-0.9352220193218926,0.7081238406541869,3.7406381845884185,3.7378044
1.7617617617617618,-0.9279467541462884,0.7454257626409415,3.7115390683658496,3.709437
1.7717717717717718,-0.9202995794308216,0.7824289271079576,3.6809524130230686,3.6794086
1.7817817817817818,-0.9122835599724298,0.8191185036424043,3.6488904771010304,3.6456742
1.7917917917917918,-0.903901908308624,0.8554797875103807,3.615366110146636,3.6138802
1.8018018018018016,-0.8951579834002236,0.8914982055472419,3.5803927486690776,3.5789561
1.811811811811812,-0.8860552895626902,0.92715932201827,3.5439844132610054,3.542888
1.8218218218218216,-0.8765974757007526,0.962448844451366,3.50615569652189,3.5056896
1.831831831831832,-0.8667883324770091,0.9973526292559456,3.466921756528948,3.4659777
1.841841841841842,-0.8566317912857141,1.0318566874249189,3.4262983160513416,3.4277003
1.851851851851852,-0.8461319227130828,1.0659471901378543,3.384301654105392,3.3862224
1.861861861861862,-0.8352929348864591,1.0996104742938957,3.3409485990089123,3.3422637
1.871871871871872,-0.8241191717640483,1.1328330479758706,3.29625652138104,3.2972844
1.881881881881882,-0.8126151113654055,1.1656015958430654,3.2502433339490433,3.2513027
1.891891891891892,-0.8007853642211159,1.197902984591467,3.2029275017091767,3.2006407
1.901901901901902,-0.7886346721816359,1.229724268549956,3.154327994534407,3.148292
1.911911911911912,-0.7761679051876356,1.2610526941917557,3.104464274471396,3.0966835
1.921921921921922,-0.7633900597769164,1.29187570547631,3.053356322665714,3.0469136
1.931931931931932,-0.7503062571248714,1.3221809488997778,3.001024619130722,2.996181
1.941941941941942,-0.7369217409735525,1.3519562784318802,2.947490132739905,2.9451938
1.951951951951952,-0.7232418755075414,1.381189760366042,2.8927743124426835,2.894058
1.961961961961962,-0.7092721431770123,1.4098696780803823,2.8368990606793516,2.837155
1.971971971971972,-0.6950181428500849,1.4379845363556187,2.7798868775487104,2.7787962
1.981981981981982,-0.6804855875947795,1.4655230690222985,2.7217605950644006,2.719592
1.991991991991992,-0.6656803022551028,1.4924742379585096,2.662543420051624,2.6595666
2.002002002002002,-0.6506082205880649,1.5188272415959043,2.602259138073582,2.598744
2.012012012012012,-0.6352753832591918,1.5445715180000228,2.540931900350874,2.5371575
2.022022022022022,-0.619687935397536,1.5696967491104366,2.4785862760649193,2.4749336
2.032032032032032,-0.6038521241076369,1.5941928648681891,2.4152472410988857,2.4119866
2.042042042042042,-0.5877742959384269,1.6180500472305344,2.350940174165877,2.3483417
2.052052052052052,-0.5714608944317658,1.6412587342208595,2.2856908767396567,2.2848165
2.062062062062062,-0.5549184580232365,1.6638096243424394,2.2195255220543135,2.218738
2.072072072072072,-0.5381536168445515,1.6856936796073323,2.1524706258735287,2.151626
2.0820820820820822,-0.5211730902397678,1.7069021293649325,2.0845530735760507,2.083879
2.092092092092092,-0.5039836841179269,1.727426473873119,2.0158000729393013,2.0143864
2.1021021021021022,-0.486592287770651,1.747258487181535,1.9462391555714948,1.9440997
2.112112112112112,-0.4690058713570835,1.7663902207314073,1.8758981989312755,1.8732573
2.1221221221221223,-0.4512314832058516,1.7848140066796587,1.8048053921535792,1.8018874
2.1321321321321323,-0.4332762468202708,1.802522460814562,1.732989225677266,1.7300195
2.1421421421421423,-0.4151473582962863,1.8195084856721968,1.660478497951547,1.6576812
2.1521521521521523,-0.3968520837837004,1.8357652735863648,1.5873022779261905,1.5846665
2.1621621621621623,-0.3783977558198594,1.8512863090541023,1.5134898926941844,1.5126313
2.1721721721721723,-0.3597917706608479,1.8660653715382003,1.4390709333301752,1.4385731
2.1821821821821823,-0.3410415853243,1.8800965379496013,1.3640752106108225,1.3629279
2.1921921921921923,-0.3221547147436462,1.893374184563442,1.2885327698390352,1.2869852
2.2022022022022023,-0.3031387285679127,1.9058929897982304,1.212473899989196,1.2105587
2.2122122122122123,-0.2840012481188022,1.9176479363149777,1.1359290940711388,1.1296635
2.2222222222222223,-0.2647499433186615,1.928634313002858,1.058929026111967,1.0519247
2.2322322322322323,-0.2453925299029812,1.938847716617519,0.9815045443831104,0.9771701
2.2422422422422423,-0.2259367662293855,1.9482840536311483,0.903686682566986,0.9006253
2.2522522522522523,-0.2063904499123607,1.956939542094336,0.8255066389024697,0.82161087
2.2622622622622623,-0.1867614147893613,1.9648107130686352,0.7469957495825055,0.7422799
2.2722722722722724,-0.1670575278576546,1.9718944119558477,0.6681854701690351,0.6642692
2.2822822822822824,-0.1472866863797299,1.978187799558506,0.5891073829482669,0.5881168
2.2922922922922924,-0.1274568142757258,1.9836883535564136,0.5097931902205006,0.50954545
2.3023023023023024,-0.1075758590469018,1.9883938694327905,0.4302746846896977,0.4295506
2.3123123123123124,-0.0876517885835619,1.992302461358009,0.3505837306918926,0.34806678
2.3223223223223224,-0.0676925883624725,1.9954125627399353,0.2707522614294749,0.26871866
2.3323323323323324,-0.0477062578597343,1.9977229270522927,0.1908122769555217,0.18905489
2.3423423423423424,-0.0277008073180956,1.9992326283446504,0.1107958205781321,0.10878137
2.3523523523523524,-0.0076842545548068,1.9999410615984017,0.0307349597743041,0.028464347
2.3623623623623624,0.0123353779314401,1.9998479428546465,-0.0493382260795481,-0.051863976
2.3723723723723724,0.032350066169228,1.9989533093245369,-0.1293916429558634,-0.13217123
2.3823823823823824,0.0523517884921153,1.9972575195722468,-0.2093931990895927,-0.21242537
2.3923923923923924,0.0723325285297554,1.994761253286707,-0.2893108272480866,-0.2925945
2.4024024024024024,0.0922842784686646,1.9914655110187316,-0.3691124929223816,-0.37264574
2.4124124124124124,0.1121990423175617,1.9873716137887616,-0.4487662090739075,-0.45254752
2.4224224224224224,0.1320688389889154,1.9824812025287637,-0.5282400609176917,-0.5322681
2.4324324324324325,0.1518857043359071,1.9767962371938128,-0.6075022034469961,-0.6117748
2.4424424424424425,0.1716416958749516,1.9703189962535483,-0.6865208666844677,-0.69103646
2.4524524524524525,0.1913288956568331,1.963052075698628,-0.7652643854217666,-0.77002084
2.4624624624624625,0.2109394132552474,1.9549983879367965,-0.8437012100422338,-0.8476648
2.4724724724724725,0.2304653888968062,1.9461611605826672,-0.9217999187080888,-0.92412436
2.4824824824824825,0.249898996569493,1.9365439351098075,-0.9995291934746204,-1.000464
2.4924924924924925,0.2692324476429466,1.926150566118711,-1.0768578376151725,-1.0783064
2.5025025025025025,0.2884579938780249,1.9149852196420365,-1.153754864192695,-1.1557353
2.5125125125125125,0.3075679299320764,1.9030523706393776,-1.2301894801753646,-1.2326875
2.5225225225225225,0.3265545967348988,1.8903568016205077,-1.3061310587821875,-1.3088791
2.5325325325325325,0.3454103845243271,1.8769036006937885,-1.3815491747732058,-1.3845657
2.5425425425425425,0.3641277358544001,1.8626981594829055,-1.456413609058591,-1.459718
2.5525525525525525,0.3826991487415973,1.847746171083006,-1.5306943180179358,-1.5343056
2.5625625625625625,0.4011171804704716,1.832053628591656,-1.604361511049331,-1.6082981
2.5725725725725725,0.4193744494179015,1.8156268215124487,-1.6773856898729518,-1.6815673
2.5825825825825826,0.4374636382813443,1.7984723334991042,-1.7497375970779845,-1.7533919
2.592592592592593,0.4553774970970848,1.7805970397891655,-1.8213882426168455,-1.8245375
2.6026026026026026,0.4731088461351499,1.7620081044176858,-1.8923089208488424,-1.8949758
2.612612612612613,0.4906505787645712,1.7427129773097094,-1.9624711928561664,-1.9646783
2.6226226226226226,0.5079956645079785,1.7227193918479928,-2.0318469079995674,-2.0336175
2.6326326326326326,0.5251371517732325,1.7020353615339423,-2.1004082672522006,-2.1017647
2.6426426426426426,0.5420681704622938,1.6806691762873882,-2.168127808572967,-2.1677046
2.6526526526526526,0.5587819348310857,1.6586293994003494,-2.2349783944073893,-2.233162
2.6626626626626626,0.5752717462079071,1.63592486408704,-2.300933237518905,-2.3008823
2.6726726726726726,0.591530995676258,1.6125646699204914,-2.365965906897853,-2.3670793
2.6826826826826826,0.6075531667278575,1.5885581792642602,-2.430050317552711,-2.433487
2.6926926926926926,0.6233318378985113,1.56391501391343,-2.493160776396434,-2.499075
2.702702702702702,0.6388606852986336,1.538645050607675,-2.555272004140238,-2.55856
2.7127127127127126,0.6541334851553039,1.512758417233946,-2.6163591128516273,-2.6167727
2.722722722722722,0.6691441163041402,1.4862654887888236,-2.6763976251269685,-2.6759927
2.7327327327327327,0.6838865626360138,1.45917688319737,-2.7353634861811575,-2.7382298
2.7427427427427427,0.6983549155012725,1.431503457033445,-2.793233050532172,-2.799573
2.7527527527527527,0.7125433762007571,1.4032563016051345,-2.849983103629773,-2.853825
2.7627627627627627,0.7264462582340864,1.3744467382420582,-2.905590907071005,-2.9088173
2.7727727727727727,0.7400579894986155,1.3450863134755846,-2.960034185520328,-2.9629319
2.7827827827827827,0.7533731145718525,1.3151867945879976,-3.0132911223900667,-3.0161476
2.7927927927927927,0.7663862968921411,1.2847601648791869,-3.065340378513025,-3.0684428
2.8028028028028027,0.7790923208900404,1.253818618841991,-3.116161095086191,-3.1191306
2.8128128128128127,0.7914860941115511,1.2223745573699538,-3.165732883783664,-3.1676874
2.8228228228228227,0.8035626493775673,1.1904405831306064,-3.2140358695879065,-3.2152724
2.8328328328328327,0.8153171465678911,1.1580294949157417,-3.2610507071138524,-3.2611187
2.8428428428428427,0.826744874621478,1.1251542826878866,-3.3067585577826817,-3.3065119
2.8528528528528527,0.8378412534285874,1.0918281223875597,-3.3511411071255077,-3.350914
2.8628628628628627,0.8486018356588417,1.058064370633322,-3.394180573430954,-3.3943064
2.8728728728728727,0.859022308538527,1.023876559355909,-3.435859687622365,-3.4366717
2.8828828828828827,0.869098495790437,0.9892783909011424,-3.4761617232486595,-3.477994
2.8928928928928928,0.8788263591163795,0.9542837320636436,-3.5150705405283205,-3.5194416
2.9029029029029028,0.8882019997258472,0.9189066083079828,-3.5525705598700257,-3.5581763
2.9129129129129128,0.8972216599716244,0.8831611983325118,-3.5886467584016177,-3.5925744
2.9229229229229228,0.9058817248431164,0.8470618283600025,-3.623284686865076,-3.6250677
2.932932932932933,0.9141787233994308,0.810622966363241,-3.656470476032001,-3.6582823
2.942942942942943,0.9221093301412367,0.7738592162272298,-3.688190841585976,-3.6885192
2.952952952952953,0.9296703663335764,0.7367853118770353,-3.718433024469584,-3.716218
2.962962962962963,0.9368588018842297,0.6994161126342451,-3.747184850411587,-3.7467425
2.972972972972973,0.9436717560239244,0.6617665961530796,-3.7744348222013686,-3.7742252
2.982982982982983,0.95010649822379,0.623851851929513,-3.800172045424902,-3.8005233
2.992992992992993,0.956160449511897,0.5856870757241527,-3.824386209422298,-3.8258438
3.003003003003003,0.9618311834927082,0.5472875634525901,-3.847067616116459,-3.8479154
3.013013013013013,0.9671164273019331,0.5086687050311305,-3.868207184372308,-3.8687713
3.023023023023023,0.9720140624959596,0.4698459781798712,-3.887796453167269,-3.8884044
3.033033033033033,0.9765221258899924,0.4308349422049589,-3.9058275388273778,-3.9068055
3.043043043043043,0.9806388110187124,0.3916512326578016,-3.9222931771379073,-3.924066
3.053053053053053,0.9843624682613724,0.3523105542742701,-3.937186788142587,-3.9389768
3.063063063063063,0.9876916052427168,0.3128286743366287,-3.9505024226519834,-3.9533043
3.073073073073073,0.9906248876772028,0.2732214166836398,-3.9622347483156855,-3.9665747
3.083083083083083,0.9931611398879302,0.2335046553513297,-3.972379069259515,-3.975462
3.093093093093093,0.9952993452581927,0.1936943081899558,-3.9809313283536887,-3.9836125
3.103103103103103,0.9970386466149972,0.1538063304593639,-3.987888108346896,-3.9939356
3.113113113113113,0.9983783465609626,0.1138567084232511,-3.9932465914356,-3.9990354
3.123123123123123,0.9993179085080562,0.0738614537539465,-3.9970045957614944,-4.0029635
3.133133133133133,0.999856956219455,0.033836596395994,-3.999160631927733,-4.0055175
3.143143143143143,0.9999952736744528,-0.0062018221605225,-3.9997138526494433,-4.005661
3.153153153153153,0.9997328054293568,-0.0462377550083992,-3.998664038493129,-4.0032525
3.163163163163163,0.9990696566229076,-0.0862551562644891,-3.9960116135846855,-3.999372
3.173173173173173,0.9980060929133188,-0.1262379875125971,-3.991757645661697,-3.9940205
3.183183183183183,0.996542540346452,-0.1661702242457043,-3.985903845378699,-3.9872
3.193193193193193,0.9946795851730932,-0.2060358622949534,-3.978452542861867,-3.9789138
3.203203203203203,0.9924179744120192,-0.2458189238024984,-3.969406706163004,-3.969165
3.2132132132132134,0.9897586148346053,-0.2855034640199385,-3.9587699702492185,-3.9579577
3.2232232232232234,0.9867025723039142,-0.3250735778615418,-3.946546607745891,-3.9452963
3.2332332332332334,0.9832510716360122,-0.3645134061169534,-3.932741519407443,-3.9311855
3.243243243243243,0.9794054960914512,-0.4038071418136428,-3.917360240605415,-3.9156315
3.2532532532532534,0.9751673867990726,-0.4429390365595042,-3.9004089392206094,-3.9009867
3.263263263263263,0.9705384421118508,-0.4818934068631044,-3.8818944129501,-3.8826423
3.2732732732732734,0.9655205169142054,-0.5206546404223691,-3.861824071809635,-3.862894
3.283283283283283,0.9601156227154104,-0.5592072020945286,-3.840205947717234,-3.8417506
3.2932932932932935,0.9543259260892504,-0.5975356403766681,-3.817048710636856,-3.81922
3.3033033033033035,0.9481537474994124,-0.63562459369887,-3.792361647003334,-3.795311
3.3133133133133135,0.9416015606705656,-0.6734587964728309,-3.7661546509352695,-3.7671065
3.3233233233233235,0.9346719915791672,-0.7110230852090856,-3.738438225593768,-3.7396889
3.3333333333333335,0.9273678173790648,-0.7483024045928263,-3.7092234789178513,-3.7108116
3.3433433433433435,0.919691965261812,-0.7852818135157493,-3.6785221191852777,-3.679791
3.3533533533533535,0.9116475112718928,-0.821946491063002,-3.64634645377583,-3.647373
3.3633633633633635,0.9032376799178556,-0.8582817425202705,-3.61270938116476,-3.6136625
3.3733733733733735,0.8944658421158417,-0.8942730052004346,-3.5776243810794037,-3.5778818
3.3833833833833835,0.8853355135351825,-0.9299058542535918,-3.541105513294134,-3.5416257
3.3933933933933935,0.8758503534914164,-0.9651660084695864,-3.50316741304184,-3.5026953
3.4034034034034035,0.8660141634622377,-1.0000393359961712,-3.463825283726752,-3.465501
3.4134134134134135,0.8558308855423744,-1.0345118599956475,-3.4230948906511807,-3.4274073
3.4234234234234235,0.8453046008375205,-1.068569764237436,-3.3809925113386763,-3.3880253
3.4334334334334335,0.8344395279331178,-1.1021993977601856,-3.3375351440940113,-3.3432007
3.4434434434434436,0.8232400214987498,-1.1353872846397186,-3.2927401750971645,-3.2963767
3.4534534534534536,0.8117105707369229,-1.168120121986355,-3.2466254458826396,-3.248302
3.4634634634634636,0.7998557965108782,-1.2003847910637957,-3.199209522128459,-3.1989949
3.4734734734734736,0.7876804500488125,-1.2321683606676057,-3.15051139832296,-3.1484766
3.4834834834834836,0.7751894110180797,-1.2634580923315224,-3.100550584457245,-3.1001272
3.4934934934934936,0.7623876855455769,-1.2942414454415243,-3.049347096810949,-3.0490837
3.5035035035035036,0.7492804041843111,-1.3245060822576675,-2.996921449105557,-2.9975572
3.5135135135135136,0.7358728198367935,-1.354239872851045,-2.9432946611005812,-2.9452345
3.5235235235235236,0.7221703061297196,-1.3834309002977192,-2.8884882437117203,-2.891742
3.5335335335335336,0.7081783550656057,-1.412067465317746,-2.832524167557251,-2.8360205
3.5435435435435436,0.6939025746458448,-1.440138090839406,-2.7754248669087564,-2.778098
3.5535535535535536,0.6793486867958886,-1.4676315267173208,-2.717213223329191,-2.7189612
3.5635635635635636,0.6645225246479274,-1.4945367539691194,-2.657912550300469,-2.6599965
3.5735735735735736,0.6494300301764919,-1.5208429891857986,-2.5975466102110123,-2.5999608
3.5835835835835836,0.6340772521757961,-1.546539689108479,-2.5361395983062014,-2.5388775
3.5935935935935936,0.6184703435770271,-1.5716165547174543,-2.473716124121138,-2.4767714
3.603603603603604,0.602615559303692,-1.5960635354372306,-2.4103012123731373,-2.4136665
3.6136136136136137,0.5865192540446778,-1.619870833243443,-2.3459202836884105,-2.3468397
3.623623623623624,0.570187879018224,-1.6430289064820436,-2.280599145574038,-2.2813807
3.6336336336336337,0.5536279796561128,-1.665528473795476,-2.214363981773754,-2.2182546
3.643643643643644,0.5368461929829456,-1.6873605177287654,-2.1472413219902005,-2.152218
3.6536536536536537,0.5198492449602636,-1.708516288049534,-2.0792580634676594,-2.0840483
3.663663663663664,0.5026439477463452,-1.728987305786176,-2.010441468448279,-2.015037
3.6736736736736737,0.4852371969484252,-1.748765366496947,-1.940819123723592,-1.9452128
3.683683683683684,0.4676359688945084,-1.76784254349836,-1.870418919269413,-1.8746028
3.6936936936936937,0.4498473180732328,-1.7862111907065448,-1.7992690635303317,-1.8032354
3.703703703703704,0.4318783739759209,-1.80386394617164,-1.7273980848080672,-1.7311398
3.7137137137137137,0.4137363382951477,-1.8207937349469463,-1.6548347948241076,-1.658344
3.723723723723724,0.3954284820592067,-1.8369937718938445,-1.5816082660875184,-1.5848777
3.7337337337337337,0.3769621429394897,-1.852457564097848,-1.5077478393499573,-1.5107707
3.743743743743744,0.3583447220468196,-1.8671789138227723,-1.4332831262379409,-1.4360521
3.7537537537537538,0.3395836809710399,-1.881151920979488,-1.358243978869588,-1.3607516
3.763763763763764,0.3206865388007983,-1.8943709854718132,-1.282660464341986,-1.2849003
3.7737737737737738,0.3016608693834257,-1.906830809154503,-1.206562867480902,-1.208528
3.783783783783784,0.2825142980225593,-1.9185263982341936,-1.1299816940987264,-1.1316655
3.793793793793794,0.2632544983983411,-1.9294530652926156,-1.052947643854713,-1.0543437
3.803803803803804,0.2438891895093263,-1.9396064311441976,-0.975491580634682,-0.97659314
3.813813813813814,0.2244261329509077,-1.948982426266283,-0.8976445360518225,-0.8984451
3.823823823823824,0.2048731294632145,-1.957577292726817,-0.819437719609504,-0.8203846
3.833833833833834,0.1852380156553917,-1.9653875858180248,-0.7409024875099529,-0.74360514
3.843843843843844,0.1655286609477683,-1.9724101753596488,-0.6620703253423654,-0.6665693
3.853853853853854,0.145752964371467,-1.97864224698604,-0.5829728410876669,-0.5893086
3.863863863863864,0.1259188513487145,-1.984081303309352,-0.5036417345098818,-0.50938845
3.873873873873874,0.1060342709726542,-1.9887251645938455,-0.4241087660129563,-0.42856085
3.883883883883884,0.0861071932818024,-1.9925719692955972,-0.3444058038985796,-0.34758452
3.893893893893894,0.0661456047989114,-1.9956201756829064,-0.2645648078061984,-0.2664917
3.903903903903904,0.0461575058814856,-1.99786856204447,-0.1846177695386763,-0.18531507
3.913913913913914,0.0261509075495914,-1.999316227125122,-0.104596717879027,-0.10621473
3.923923923923924,0.0061338283007924,-1.9999625904304368,-0.024533712446151,-0.027605176
3.933933933933934,-0.0138857091342187,-1.9998073925394593,0.0555391123244273,0.050638944
3.943943943943944,-0.0338996814569762,-1.9988506962898072,0.1355896347076833,0.1311397
3.953953953953954,-0.0539000674174223,-1.9970928853381045,0.2155858032426844,0.2119488
3.963963963963964,-0.0738788511004754,-1.9945346641928567,0.2954955727369047,0.29263055
3.973973973973974,-0.0938280251828753,-1.991177058056084,0.3752869291209982,0.3728439
3.983983983983984,-0.1137395941106383,-1.9870214123586023,0.4549279115884214,0.4493091
3.993993993993994,-0.1336055772677493,-1.982069392158418,0.5343865769226049,0.53161436
4.004004004004004,-0.1534180127241277,-1.976322982390182,0.6136310304264833,0.61249065
4.014014014014014,-0.1731689601774866,-1.9697844866443743,0.6926295227808165,0.69057024
4.024024024024024,-0.1928505036851804,-1.9624565254776531,0.771350419682704,0.7691465
4.034034034034034,-0.2124547551065279,-1.954342035799876,0.8497621777441314,0.8476951
4.044044044044044,-0.2319738572581726,-1.94544426966696,0.9278333808597232,0.92544293
4.054054054054054,-0.25139998705581,-1.9357667929398212,1.0055327411281052,1.0020597
4.064064064064064,-0.2707253586945514,-1.9253134840587895,1.0828290824550917,1.0796541
4.074074074074074,-0.2899422268875308,-1.9140885330308104,1.1596914140441532,1.1567646
4.084084084084084,-0.3090428897542665,-1.9020964387325805,1.2360889529861174,1.2333603
4.094094094094094,-0.3280196919834757,-1.8893420074455027,1.3119910847658462,1.3081145
4.104104104104104,-0.3468650279099093,-1.8758303509494805,1.387367393471208,1.3848671
4.114114114114114,-0.3655713445635134,-1.8615668844530864,1.4621876749449714,1.4610987
4.124124124124124,-0.3841311446959059,-1.8465573244240552,1.5364219268864814,1.5354649
4.134134134134134,-0.4025369897614484,-1.830807686717621,1.6100403831770065,1.6087766
4.144144144144144,-0.420781502920875,-1.814324283719811,1.6830135486113935,1.6814489
4.1541541541541545,-0.4388573719974191,-1.797113721780456,1.7553121844516293,1.753453
4.1641641641641645,-0.4567573523998323,-1.7791828986457043,1.8269073194281649,1.8247602
4.1741741741741745,-0.4744742700228577,-1.760539000670783,1.8977702667976597,1.8950641
4.1841841841841845,-0.4920010241186025,-1.7411894999110165,1.967872619767036,1.9637579
4.1941941941941945,-0.5093305901815782,-1.7211421514261978,2.037186258289814,2.03169
4.2042042042042045,-0.5264560227720237,-1.7004049902355447,2.1056834023865085,2.0991066
4.2142142142142145,-0.5433704582276664,-1.678986327554596,2.173336614278417,2.1698675
4.2242242242242245,-0.5600671174459679,-1.6568947477074485,2.2401187831301885,2.2387927
4.2342342342342345,-0.5765393085979724,-1.6341391046691067,2.3060031492361577,2.305572
4.2442442442442445,-0.5927804298060638,-1.6107285184935112,2.3709633105729164,2.3704295
4.2542542542542545,-0.6087839718022778,-1.586672371724704,2.4349732115730065,2.4344375
4.2642642642642645,-0.6245435206137172,-1.5619803060496071,2.4980071879834425,2.4978426
4.2742742742742745,-0.6400527600176665,-1.5366622178111216,2.5600399906041744,2.5589135
4.2842842842842845,-0.6553054740994588,-1.5107282541856597,2.621046762834842,2.6190925
4.2942942942942945,-0.6702955497487288,-1.4841888091457591,2.681003058875906,2.680436
4.3043043043043046,-0.685016979104825,-1.4570545192732292,2.73988485569373,2.7393107
4.314314314314315,-0.699463861961526,-1.4293362594822212,2.7976685343209,2.79723
4.324324324324325,-0.7136304082544334,-1.401045139206745,2.8543309132242,2.8527007
4.334334334334335,-0.7275109402703158,-1.3721924974557107,2.90984929592283,2.9044473
4.344344344344345,-0.7410998948721284,-1.3427898980471284,2.9642014463382664,2.9612885
4.354354354354355,-0.7543918257687303,-1.3128491251566463,3.0173655881593993,3.01396
4.364364364364365,-0.7673814056892946,-1.2823821785644578,3.069320424572867,3.0642242
4.374374374374375,-0.7800634285078689,-1.2514012688088412,3.120045147534084,3.1168542
4.384384384384385,-0.7924328113169419,-1.2199188122474591,3.169519437419555,3.167439
4.394394394394395,-0.8044845965023895,-1.187947426217859,3.217723402116532,3.2152781
4.404404404404405,-0.8162139541055,-1.1554999253181992,3.2646376861127187,3.2621098
4.414414414414415,-0.8276161832262432,-1.1225893143837706,3.310243528501351,3.3079147
4.424424424424425,-0.8386867139983233,-1.0892287836064605,3.354522666040635,3.352675
4.434434434434435,-0.8494211094749874,-1.0554317034520262,3.39745735830137,3.396372
4.444444444444445,-0.8598150673962567,-1.0212116192761027,3.439030406512048,3.4389896
4.454454454454455,-0.8698644218994667,-0.9865822458641974,3.4792251610781464,3.480509
4.464464464464465,-0.8795651451720701,-0.9515574618971608,3.51802550909345,3.520915
4.474474474474475,-0.888913349223511,-0.9161513047412054,3.5554158456767264,3.55541
4.484484484484485,-0.8979052877407869,-0.8803779654872164,3.5913811741425405,3.587977
4.494494494494495,-0.9065373569058536,-0.8442517817353488,3.6259071167113865,3.6230128
4.504504504504505,-0.9148060970944744,-0.8077872324199213,3.6589798427008713,3.657312
4.514514514514515,-0.9227081942725056,-0.7709989320316276,3.690586103884909,3.6904798
4.524524524524525,-0.930240481310432,-0.7339016247345378,3.7207132426222422,3.7226486
4.534534534534535,-0.937399939235778,-0.6965101784255767,3.749349197514251,3.752493
4.544544544544545,-0.944183698422474,-0.6588395787382565,3.776482470353838,3.777992
4.554554554554555,-0.950589040126946,-0.6209049237638382,3.8021021383247993,3.802338
4.564564564564565,-0.9566133974751256,-0.5827214178108331,3.8261979408112174,3.8255222
4.574574574574575,-0.9622543559972307,-0.5443043643882383,3.848760248672454,3.84753
4.584584584584585,-0.9675096548624724,-0.5056691605801533,3.869780022804692,3.8673694
4.594594594594595,-0.9723771877719908,-0.4668312908586148,3.889248844144893,3.8860416
4.604604604604605,-0.9768550037865252,-0.4278063208575328,3.907158917454157,3.9035945
4.614614614614615,-0.9809413080880508,-0.3886098911097828,3.9235030731072102,3.9200206
4.624624624624625,-0.984634462704635,-0.3492577107853164,3.93827473200961,3.9358711
4.634634634634635,-0.9879329877831708,-0.3097655521306114,3.951467947783544,3.9501925
4.644644644644645,-0.9908355615233948,-0.2701492433622224,3.963077450730309,3.9616544
4.654654654654655,-0.9933410206249704,-0.2304246622261007,3.973098600793156,3.9718318
4.664664664664665,-0.9954483609182948,-0.1906077298328299,3.9815273852998425,3.9813552
4.674674674674675,-0.997156737751767,-0.1507144042621399,3.988360431383605,3.9892306
4.684684684684685,-0.9984654663114092,-0.1107606741494745,3.9935950076635023,3.9932098
4.694694694694695,-0.9993740218722432,-0.0707625522568646,3.997229019275099,3.9954038
4.704704704704705,-0.9998820401174768,-0.030736069158982,3.9992609786911024,3.996505
4.714714714714715,-0.9999893178984256,0.009302732601816,3.9996900577805072,3.9977837
4.724724724724725,-0.9996958123281896,0.0493378058716587,3.998516105102684,3.9990783
4.734734734734735,-0.9990016410495708,0.0893531050763442,3.995739596334776,3.997105
4.744744744744745,-0.9979070822530988,0.1293325925850676,3.9913616465170696,3.9921098
4.754754754754755,-0.9964125745483466,0.169260245146756,3.9853840134811542,3.9855828
4.764764764764765,-0.9945187167669104,0.2091200603224281,3.977809097331631,3.9785023
4.774774774774775,-0.9922262676966274,0.2488960629111531,3.968639931302616,3.9702075
4.784784784784785,-0.9895361460919198,0.2885723111993574,3.9578801726064583,3.9590764
4.794794794794795,-0.986449430604866,0.3281329032035747,3.945534131820459,3.9439144
4.804804804804805,-0.9829673583941836,0.3675619835080753,3.931606768528584,3.9264703
4.814814814814815,-0.9790913250340918,0.4068437494203631,3.916103665980775,3.9090075
4.824824824824825,-0.974822883954536,0.4459624573014842,3.899031039024111,3.8952844
4.834834834834835,-0.9701637457999946,0.4849024288803053,3.88039573202666,3.8802361
4.844844844844845,-0.9651157777210276,0.5236480575422582,3.860205177586785,3.8593278
4.854854854854855,-0.9596810025916014,0.5621838138169777,3.83846756458444,3.83707
4.864864864864865,-0.953861598852375,0.6004942550314362,3.815191559436497,3.8136058
4.874874874874875,-0.9476598991769802,0.6385640252171078,3.7903863995598543,3.7889438
4.884884884884885,-0.9410783891541048,0.676377866634236,3.764062110976515,3.7608745
4.894894894894895,-0.934119706565964,0.7139206240354564,3.7362292377153223,3.7334864
4.904904904904905,-0.9267866403155044,0.7511772507726809,3.7068989310818337,3.7049408
4.914914914914915,-0.919082129288961,0.7881328148479055,3.6760829440563656,3.6742582
4.924924924924925,-0.9110092611537706,0.8247725049079435,3.6437936258429136,3.6404605
4.934934934934935,-0.9025712711260856,0.861081636186102,3.610043918491574,3.6085465
4.944944944944945,-0.893771541144653,0.8970456564292963,3.5748473499054843,3.5734444
4.954954954954955,-0.8846135981930273,0.9326501516997252,3.5382180262032623,3.5372002
4.964964964964965,-0.8751011128818507,0.9678808521490814,3.5001706279436338,3.49963
4.974974974974975,-0.8652378980378083,1.002723637744643,3.4607204030945575,3.4597614
4.984984984984985,-0.8550279066302455,1.0371645439027262,3.419883162440561,3.4217415
4.994994994994995,-0.8444752306093583,1.0711897671228323,3.3776752754681034,3.379481
5.005005005005005,-0.8335840992082411,1.1047856705387242,3.334113661784452,3.3353634
5.015015015015015,-0.8223588771919565,1.1379387893807793,3.289215773999732,3.290228
5.025025025025025,-0.8108040636706194,1.1706358361843645,3.2429996021944194,3.2440925
5.035035035035035,-0.7989242897441353,1.2028637063416283,3.1954836769596193,3.1925962
5.045045045045045,-0.7867243167067459,1.2346094833707433,3.1466870489541563,3.1400976
5.055055055055055,-0.7742090341959914,1.2658604440584285,3.0966292646184157,3.0890386
5.065065065065065,-0.7613834581787436,1.2966040632429838,3.045330379944482,3.0391183
5.075075075075075,-0.7482527289813776,1.3268280192324922,2.9928109673847123,2.988238
5.085085085085085,-0.7348221092042374,1.3565201987261613,2.939092084277202,2.9373255
5.095095095095095,-0.7210969816228466,1.385668701600404,2.88419524635618,2.8857985
5.105105105105105,-0.7070828471741523,1.4142618452998583,2.8281424474153996,2.828172
5.115115115115115,-0.6927853225631926,1.4422881700171288,2.770956166143073,2.7696807
5.125125125125125,-0.6782101380361226,1.4697364432206408,2.7126593283656937,2.7103477
5.135135135135135,-0.6633631351130121,1.496595664078504,2.653275286366811,2.6501973
5.145145145145145,-0.6482502643601158,1.5228550675723287,2.592827835112229,2.5892534
5.155155155155155,-0.6328775828336592,1.548504129245916,2.531341214041602,2.527568
5.165165165165165,-0.6172512516752393,1.5735325693549431,2.468840071211915,2.4652305
5.175175175175175,-0.6013775336841382,1.5979303568978065,2.4053494435026943,2.4021735
5.185185185185185,-0.5852627909365432,1.6216877133690113,2.340894772560054,2.3384228
5.195195195195195,-0.5689134820252685,1.6447951171092188,2.2755019036275104,2.2749395
5.205205205205205,-0.5523361595111562,1.6672433070352275,2.209197043088369,2.2083857
5.215215215215215,-0.535537467413861,1.689023286140017,2.1420067391519204,2.1411738
5.225225225225225,-0.5185241386945016,1.710126324836067,2.0739579207021297,2.0733304
5.235235235235235,-0.5013029921236618,1.730543965233153,2.005077888135411,2.0035374
5.245245245245245,-0.483880929673985,1.7502680242982374,1.935394266823377,1.9331626
5.255255255255255,-0.466264933713462,1.7692905972015889,1.8649350123713184,1.8622365
5.265265265265265,-0.4484620641477129,1.7876040605819474,1.793728363484392,1.7907877
5.275275275275275,-0.4304794559787924,1.805201074949024,1.7218027617819287,1.7188447
5.285285285285285,-0.412324317208644,1.8220745863433472,1.6491870121714145,1.645863
5.295295295295295,-0.3940039242752261,1.8382178319494529,1.5759102874710538,1.573533
5.305305305305305,-0.3755256197004492,1.8536243418482736,1.502001977551272,1.5014414
5.315315315315315,-0.3568968091347055,1.8682879416101388,1.4274917299347671,1.426877
5.325325325325325,-0.3381249583179883,1.8822027548599805,1.352409412345784,1.3511837
5.335335335335335,-0.3192175904824753,1.8953632051205649,1.276785025354517,1.275198
5.345345345345345,-0.300182284432943,1.9077640166288397,1.200648850940229,1.1980478
5.355355355355355,-0.2810266694073505,1.9194002191534023,1.1240314684158057,1.1171091
5.365365365365365,-0.2617584226737111,1.9302671491296568,1.0469636050603366,1.0403531
5.375375375375375,-0.2423852664723509,1.9403604514869424,0.9694761702966204,0.9660368
5.385385385385385,-0.222914964845965,1.9496760814679273,0.8916002280573815,0.88840884
5.395395395395395,-0.2033553208688299,1.9582103059025056,0.8133669142849926,0.80934334
5.405405405405405,-0.1837141748318305,1.9659597033755347,0.7348075554557822,0.7299659
5.415415415415415,-0.1639993988309622,1.9729211678735925,0.6559536898345842,0.65249074
5.425425425425425,-0.1442188942450398,1.979091909378229,0.5768369374803407,0.5762993
5.435435435435435,-0.1243805886231895,1.984469454910236,0.4974890227756423,0.49716896
5.445445445445445,-0.1044924324298966,1.9890516495739377,0.4179417556577349,0.41714245
5.455455455455455,-0.0845623961360909,1.992836657225706,0.3382269645709859,0.33578593
5.465465465465465,-0.0645984685075483,1.9958229601759592,0.2583765744183718,0.2564164
5.475475475475475,-0.0446086510561846,1.998009361418266,0.1784226252442164,0.17662536
5.485485485485485,-0.0246009553985362,1.9993949847053731,0.0983971743594896,0.096343204
5.495495495495495,-0.0045834001397581,1.9999792748188563,0.0183323053946078,0.016022205
5.505505505505505,0.015435992419994,1.9997619978263863,-0.0617398854651108,-0.064305
5.515515515515515,0.0354491992846429,1.9987432410758112,-0.1417873408052163,-0.14460604
5.525525525525525,0.0554481983473424,1.9969234124248805,-0.2217779970577011,-0.2248492
5.535535535535535,0.0754249739848294,1.994303241134716,-0.3016797717024818,-0.30500218
5.545545545545545,0.0953715198013762,1.9908837773557615,-0.3814606329602651,-0.38503247
5.555555555555555,0.1152798416934088,1.986666391626002,-0.4610886008241678,-0.4649083
5.565565565565565,0.1351419611338515,1.9816527743362589,-0.5405317570224104,-0.5445975
5.575575575575575,0.1549499182583633,1.9758449350289569,-0.6197582771219868,-0.62406886
5.585585585585585,0.1746957731306636,1.9692452012207036,-0.6987364167209199,-0.7032894
5.595595595595595,0.1943716116266732,1.961856217977487,-0.7774345124944982,-0.7822281
5.605605605605605,0.2139695479392966,1.9536809467163092,-0.855821021692669,-0.85952985
5.615615615615615,0.2334817276678067,1.9447226639896456,-0.9338645281696184,-0.93593603
5.625625625625625,0.2529003310392419,1.934984960166367,-1.0115337534010775,-1.0125469
5.635635635635635,0.2722175759401316,1.9244717379956304,-1.0887975641678562,-1.090327
5.645645645645645,0.2914257192792022,1.9131872111339776,-1.165624991541891,-1.1676894
5.655655655655655,0.3105170623048334,1.901135902329126,-1.2419852477703472,-1.2445207
5.665665665665665,0.3294839534690497,1.8883226416090455,-1.3178477322003337,-1.320636
5.675675675675675,0.3483187912049818,1.8747525643471372,-1.3931820447329832,-1.3962421
5.685685685685685,0.3670140270079142,1.8604311091819588,-1.4679579994925591,-1.471309
5.6956956956956954,0.3855621684973511,1.8453640158087476,-1.542145631693227,-1.5458062
5.7057057057057055,0.4039557822719821,1.829557322761674,-1.6157151787550788,-1.6197039
5.7157157157157155,0.4221874959358765,1.8130173655834207,-1.6886371408285958,-1.6927357
5.7257257257257255,0.4402500023950734,1.795750773395736,-1.7608823127602002,-1.764457
5.7357357357357355,0.458136062427823,1.7777644664290624,-1.8324217489608516,-1.8354948
5.7457457457457455,0.4758385074229506,1.7590656532964195,-1.9032267861411627,-1.9058211
5.7557557557557555,0.4933502421959672,1.739661828067878,-1.973269059440229,-1.9754069
5.7657657657657655,0.5106642477619644,1.7195607672215405,-2.0425204998854816,-2.0442252
5.7757757757757755,0.5277735845126899,1.6987705267688693,-2.110953301938708,-2.112248
5.7857857857857855,0.5446713962500956,1.6772994398554,-2.178540020728906,-2.177713
5.7957957957957955,0.5613509106947758,1.6551561119394618,-2.24525360165686,-2.2443047
5.8058058058058055,0.5778054428916696,1.6323494178002076,-2.311067314895104,-2.3109446
5.8158158158158155,0.5940283979627976,1.608888498027648,-2.375954790497125,-2.377418
5.8258258258258255,0.6100132737077533,1.584782755327793,-2.4398900332665727,-2.4437003
5.8358358358358355,0.6257536631582191,1.5600418507150038,-2.5028474168057886,-2.5086904
5.8458458458458455,0.6412432575603642,1.5346756999362854,-2.5648016675936547,-2.5676339
5.855855855855856,0.6564758495819272,1.508694469982398,-2.625727947107595,-2.625711
5.865865865865866,0.6714453342288208,1.4821085738680653,-2.685601864762144,-2.6856902
5.875875875875876,0.6861457118956218,1.4549286668840569,-2.744399430379737,-2.7477908
5.885885885885886,0.7005710907936046,1.4271656423289314,-2.802097086574861,-2.8089936
5.895895895895896,0.7147156892960154,1.3988306271127884,-2.858671720172914,-2.862399
5.905905905905906,0.7285738382357951,1.3699349772604046,-2.914100649255128,-2.9172573
5.915915915915916,0.7421399834085602,1.3404902737743474,-2.968361618964833,-2.971234
5.925925925925926,0.7554086879274077,1.3105083182220696,-3.0214328796753085,-3.0243087
5.935935935935936,0.7683746338677221,1.280001127034101,-3.073293185761865,-3.0764594
5.945945945945946,0.7810326246389172,1.248980927115726,-3.1239217561074457,-3.1267147
5.955955955955956,0.7933775870660636,1.2174601509358538,-3.173298304906736,-3.1751223
5.965965965965966,0.8054045734167121,1.1854514315219975,-3.2214030506446547,-3.2225547
5.975975975975976,0.817108763375519,1.1529675973693942,-3.268216703695652,-3.2682142
5.985985985985986,0.8284854660793893,1.1200216676842467,-3.31372047618422,-3.313455
5.995995995995996,0.8395301219763752,1.086626847095436,-3.357896134120484,-3.3577013
6.006006006006006,0.850238304512119,1.0527965198540068,-3.400725988422286,-3.4009361
6.016016016016016,0.8606057219697385,1.0185442447246194,-3.4421928775376136,-3.4431412
6.026026026026026,0.8706282191800674,0.9838837495329334,-3.482280188251788,-3.4843004
6.036036036036036,0.8803017791746254,0.9488289256404996,-3.5209718626030475,-3.5255113
6.046046046046046,0.889622524782928,0.9133938223536932,-3.5582523781161517,-3.5640802
6.056056056056056,0.8985867204532856,0.8775926417943303,-3.5941067686915664,-3.5976806
6.066066066066066,0.907190773580702,0.8414397328903986,-3.6285206719200938,-3.6300008
6.076076076076076,0.9154312357727652,0.8049495852994335,-3.6614803082745295,-3.6634808
6.086086086086086,0.923304804345264,0.7681368238158335,-3.692972471094453,-3.69215
6.096096096096096,0.930808323636966,0.7310162024947398,-3.722984543524467,-3.7210956
6.106106106106106,0.9379387862629972,0.6936025987202485,-3.751504503211054,-3.7510788
6.116116116116116,0.944693334315506,0.6559110072352592,-3.778520904914456,-3.7783737
6.126126126126126,0.9510692607729744,0.617956534557797,-3.8040229044869953,-3.804491
6.136136136136136,0.9570640103393214,0.5797543925308148,-3.8280002901264583,-3.829342
6.146146146146146,0.9626751803972876,0.5413198921128228,-3.8504434606666487,-3.8512254
6.156156156156156,0.9679005220448992,0.5026684373623134,-3.871343424501584,-3.8718927
6.166166166166166,0.9727379409860426,0.4638155192499282,-3.890691810100746,-3.8913352
6.176176176176176,0.9771854983561876,0.4247767094323685,-3.908480867667204,-3.9095454
6.186186186186186,0.981241411514654,0.3855676540313656,-3.9247034462152297,-3.9264755
6.196196196196196,0.9849040551508008,0.346204067866498,-3.939353028640818,-3.9411693
6.206206206206206,0.9881719614472096,0.3067017275320499,-3.952423758441333,-3.9555948
6.216216216216216,0.9910438206823516,0.2670764650948998,-3.963910405787472,-3.96804
6.226226226226226,0.9935184818317436,0.227344161850619,-3.9738083715168737,-3.9767175
6.236236236236236,0.9955949530121904,0.1875207419414088,-3.982113695070411,-3.9853008
6.246246246246246,0.9972724018582731,0.1476221659533135,-3.9888230564517344,-3.995266
6.256256256256256,0.9985501558304384,0.1076644244949276,-3.993933770769795,-3.9996152
6.266266266266266,0.999427702599529,0.0676635319038682,-3.997443751981219,-4.003084
6.276276276276276,0.9999046909798932,0.0276355205513597,-3.9993515755952354,-4.0058575
6.286286286286286,0.9999809299323268,-0.012403566706647,-3.9996565016460974,-4.005385
6.296296296296296,0.9996563889131574,-0.0524376826847984,-3.998358414269253,-4.0027485
6.306306306306306,0.9989311979735322,-0.0924507822075329,-3.995457835895376,-3.9986393
6.316316316316316,0.9978056476904458,-0.1324268285485696,-3.990955932184823,-3.9930604
6.326326326326326,0.9962801890294298,-0.1723497998688908,-3.984854511756892,-3.9860127
6.336336336336336,0.9943554331384664,-0.2122036956508097,-3.977156019484678,-3.9775
6.346346346346346,0.9920321513223522,-0.2519725430017172,-3.9678635221477823,-3.967525
6.356356356356356,0.9893112752457756,-0.2916404028009155,-3.9569807395485137,-3.9560921
6.366366366366366,0.9861938954734804,-0.331191376626312,-3.9445120460971146,-3.9432056
6.376376376376376,0.9826812614190248,-0.3706096129329899,-3.930462441403507,-3.9288712
6.386386386386386,0.9787747808694716,-0.409879313391147,-3.9148375582237023,-3.9130938
6.396396396396396,0.9744760194021944,-0.4489847392237547,-3.897643661300029,-3.8982382
6.406406406406406,0.9697866997341232,-0.4879102175212777,-3.878887644944771,-3.8796756
6.416416416416417,0.9647087010031734,-0.5266401475309573,-3.858577023654816,-3.8597107
6.426426426426427,0.9592440584175692,-0.5651590067836364,-3.8367199251147697,-3.8383517
6.436436436436437,0.9533949626657212,-0.6034513572429647,-3.813325108569323,-3.815607
6.446446446446447,0.9471637580308248,-0.6415018518000393,-3.78840195766828,-3.7914858
6.456456456456457,0.9405529419058368,-0.6792952402793667,-3.761960461144299,-3.7627165
6.466466466466467,0.9335651637861494,-0.7168163755466719,-3.73401121594917,-3.7354105
6.476476476476477,0.92620322418836,-0.7540502195776484,-3.704565423083865,-3.7060933
6.486486486486487,0.9184700735041608,-0.7909818494822848,-3.673634883035645,-3.6748543
6.496496496496497,0.910368810789838,-0.8275964634822659,-3.641231994843349,-3.6422374
6.506506506506507,0.9019026831182658,-0.8638793869165861,-3.607369749695324,-3.6078026
6.516516516516517,0.8930750840246252,-0.8998160780907809,-3.5720617181579812,-3.5727034
6.526526526526527,0.8838895515268916,-0.935392134026856,-3.5353220484721657,-3.53541
6.536536536536537,0.874349767069308,-0.9705932962784118,-3.497165464531832,-3.4969509
6.546546546546547,0.8644595540306714,-1.0054054566401058,-3.457607257517775,-3.459686
6.556556556556557,0.8542228761718222,-1.0398146627952842,-3.416663279594081,-3.4213915
6.566566566566567,0.843643836022479,-1.0738071238992466,-3.3743499377026787,-3.3817835
6.576576576576577,0.8327266732286919,-1.1073692161026452,-3.3306841998396637,-3.336031
6.586586586586587,0.8214757636042278,-1.140487488260401,-3.2856835766591272,-3.289012
6.596596596596597,0.8098956166774053,-1.173148667086812,-3.2393660979367582,-3.2407453
6.606606606606607,0.7979908736488796,-1.205339662393269,-3.1917503210852938,-3.1912494
6.616616616616617,0.7857663057839582,-1.2370475724138448,-3.142855327223842,-3.1407259
6.626626626626627,0.7732268124844736,-1.268259688964317,-3.092700708830344,-3.0926006
6.636636636636637,0.7603774193055408,-1.2989635025205584,-3.041306561562128,-3.040886
6.646646646646647,0.7472232759175431,-1.329146707213809,-2.988693478487186,-2.9895072
6.656656656656657,0.733769654082777,-1.358797205793575,-2.934882571394186,-2.9370275
6.666666666666667,0.7200219462882698,-1.3879031150495285,-2.8798954243187422,-2.8832045
6.676676676676677,0.7059856626385029,-1.4164527698440004,-2.8237540588914425,-2.8272824
6.686686686686687,0.6916664287186863,-1.444434727840148,-2.766480967461186,-2.7687283
6.696696696696697,0.6770699834866979,-1.4718377741975777,-2.708099100619857,-2.7098994
6.706706706706707,0.6622021769574706,-1.4986509260507557,-2.648631851501193,-2.6507673
6.716716716716717,0.6470689678392947,-1.5248634368902942,-2.588103045961565,-2.5905676
6.726726726726727,0.6316764211225634,-1.550464800844781,-2.5265369170229897,-2.529324
6.736736736736737,0.6160307059159783,-1.5754447565504142,-2.4639582376664744,-2.4670615
6.746746746746747,0.6001380929023592,-1.599793294091357,-2.40039208039282,-2.4038048
6.756756756756757,0.5840049520661987,-1.623500654055776,-2.335863840459733,-2.3360786
6.766766766766767,0.5676377493478365,-1.6465573349414018,-2.270399421683052,-2.2715979
6.776776776776777,0.5510430444850928,-1.6689540959313125,-2.2040250516448343,-2.2088091
6.786786786786787,0.534227488361491,-1.690681960599957,-2.1367673221360035,-2.1417155
6.796796796796797,0.5171978203177167,-1.7117322204986,-2.0686531771100403,-2.0734138
6.806806806806807,0.4999608654263155,-1.732096438620178,-1.9997099102815756,-2.0042748
6.816816816816817,0.4825235318557163,-1.7517664529366694,-1.929965181797356,-1.9343269
6.826826826826827,0.4648928084468263,-1.770734380197703,-1.8594469691599749,-1.8635979
6.836836836836837,0.447075761519436,-1.7889926184854177,-1.7881835419168093,-1.7921158
6.846846846846847,0.429079532201883,-1.8065338505063475,-1.7162034657683412,-1.7199094
6.856856856856857,0.4109113333660243,-1.8233510462285276,-1.6435355577665094,-1.6470081
6.866866866866867,0.3925784464433488,-1.839437465276448,-1.570208923467117,-1.5734407
6.876876876876877,0.374088218953008,-1.8547866603119536,-1.4962529498827168,-1.499237
6.886886886886887,0.3554480613116921,-1.8693924792881136,-1.4216972784076811,-1.4244263
6.896896896896897,0.3366654442243667,-1.8832490682880831,-1.3465718120932395,-1.3490386
6.906906906906907,0.3177478957205413,-1.896350873924615,-1.270906666687179,-1.2731044
6.916916916916917,0.2987029977368104,-1.9086926451987376,-1.1947321667806226,-1.1966543
6.926926926926927,0.2795383832526532,-1.920269435822125,-1.1180788374777335,-1.1197184
6.936936936936937,0.2602617332344671,-1.9310766059090023,-1.0409773890474403,-1.0423279
6.946946946946947,0.2408807735360014,-1.941109823991243,-0.9634587262732324,-0.96451414
6.956956956956957,0.2214032717736871,-1.9503650688974552,-0.8855539246885332,-0.8863074
6.966966966966967,0.2018370342034032,-1.9588386312923147,-0.8072942043743102,-0.8085104
6.976976976976977,0.1821899028074198,-1.9665271150310752,-0.7287109270754256,-0.73168886
6.986986986986987,0.1624697519564,-1.973427438641172,-0.6498355913820295,-0.65461636
6.996996996996997,0.1426844852159501,-1.979536836580265,-0.5706998128055236,-0.57732373
7.007007007007007,0.1228420322190714,-1.9848528603189604,-0.4913353044688969,-0.49688005
7.017017017017017,0.1029503456616183,-1.989373379212275,-0.4117738720847176,-0.4160275
7.027027027027027,0.0830173979026753,-1.9930965814818176,-0.3320474062361411,-0.33503085
7.037037037037037,0.063051177775181,-1.9960209749327185,-0.2521878619986593,-0.25392294
7.047047047047047,0.0430596874361607,-1.9981453875278368,-0.1722272432189916,-0.17300554
7.057057057057057,0.0230509393350062,-1.9994689677899553,-0.0921975959637339,-0.09374297
7.067067067067067,0.0030329527332807,-1.9999911852448284,-0.0121309979549033,-0.015484244
7.077077077077077,-0.0169862494581138,-1.9997118306118753,0.0679404613645564,0.06305483
7.087087087087087,-0.0369986437431281,-1.9986310158481408,0.1479846939408542,0.14366317
7.097097097097097,-0.0569962091553135,-1.9967491740765229,0.2279696186187032,0.22445491
7.107107107107107,-0.0769709308878777,-1.994067059519438,0.3078631745518365,0.3051142
7.117117117117117,-0.0969148033728803,-1.990585747158568,0.3876333391497276,0.38470405
7.127127127127127,-0.1168198335301594,-1.986306632309233,0.467248138763327,0.46207112
7.137137137137137,-0.1366780440217322,-1.9812314300662093,0.5466756635814228,0.5443407
7.147147147147147,-0.1564814761985323,-1.9753621745798753,0.6258840854972393,0.62460536
7.157157157157157,-0.1762221926000224,-1.9687012181443424,0.7048416617295566,0.7027314
7.167167167167167,-0.195892281365202,-1.9612512304011056,0.7835167463924992,0.781291
7.177177177177177,-0.2154838589672426,-1.953015197195544,0.8618778120805568,0.85984427
7.187187187187187,-0.2349890733092048,-1.9439964193484416,0.939893460543894,0.9370656
7.197197197197197,-0.254400106844169,-1.9341985112987692,1.0175324300850137,1.0141087
7.207207207207207,-0.2737091797555198,-1.92362539972712,1.094763576697672,1.0916305
7.217217217217217,-0.2929085534918267,-1.912281322576093,1.1715559320195643,1.168663
7.227227227227227,-0.3119905332638543,-1.900170826513515,1.2478787372716198,1.2451763
7.237237237237237,-0.330947471234659,-1.887298765273358,1.3237014113367933,1.3200357
7.247247247247247,-0.3497717696065143,-1.8736702977580235,1.3989935727750225,1.3967094
7.257257257257257,-0.3684558836288408,-1.8592908859385229,1.4737250539714468,1.4728577
7.267267267267267,-0.3869923246339511,-1.8441662926735105,1.5478658814481712,1.5468609
7.277277277277277,-0.4053736637524551,-1.8283025800036243,1.6213863213213624,1.6200753
7.287287287287287,-0.4235925341210935,-1.81170610606047,1.6942569219977357,1.6926463
7.297297297297297,-0.4416416338316809,-1.7943835225061722,1.766448487663108,1.7645442
7.307307307307307,-0.4595137289964457,-1.7763417719731205,1.8379320906201928,1.8357406
7.317317317317317,-0.477201656637455,-1.7575880852565189,1.9086790892148988,1.9057529
7.327327327327327,-0.4946983275497266,-1.7381299783952446,1.9786611153072968,1.9743305
7.337337337337337,-0.511996729333303,-1.7179752501152314,2.0478501014758344,2.0421424
7.347347347347347,-0.529089929065895,-1.6971319783656984,2.116218325024862,2.110354
7.357357357357357,-0.5459710760018688,-1.6756085168815005,2.1837383948856632,2.1805978
7.367367367367367,-0.56263340438321,-1.653413491981601,2.25038325346607,2.249393
7.377377377377377,-0.5790702361496223,-1.630555799094392,2.3161261959316093,2.3156748
7.387387387387387,-0.5952749836127561,-1.6070445991701574,2.3809408677943606,2.3803966
7.397397397397397,-0.6112411521166018,-1.582889315254665,2.4448012763345206,2.4444125
7.407407407407407,-0.6269623426358841,-1.5580996286729698,2.507681828882176,2.5073643
7.4174174174174174,-0.6424322543122964,-1.5326854748366034,2.569557333755756,2.568287
7.4274274274274275,-0.65764468698979,-1.5066570394085903,2.630402995598202,2.628674
7.437437437437437,-0.672593543694681,-1.4800247542040068,2.6901944337591037,2.6896172
7.447447447447448,-0.6872728330729878,-1.4527992929869866,2.748907683153209,2.7483451
7.4574574574574575,-0.7016766718362345,-1.4249915673540927,2.8065191944349523,2.806115
7.4674674674674675,-0.7157992871653455,-1.3966127225278284,2.8630058749951464,2.8606648
7.477477477477477,-0.7296350188932528,-1.367674132419255,2.918345097445363,2.912754
7.487487487487488,-0.7431783218232989,-1.338187395251645,2.972514685637176,2.9701023
7.4974974974974975,-0.7564237679482344,-1.3081643289029952,3.0254929335930463,3.0215507
7.5075075075075075,-0.7693660486192082,-1.277616966150683,3.077258609903072,3.0723827
7.517517517517517,-0.7819999767003368,-1.246557549925957,3.1277909521304843,3.1250277
7.527527527527528,-0.794320488739479,-1.214998528670593,3.1770697019934677,3.1749141
7.5375375375375375,-0.806322646836921,-1.1829525508870484,3.2250751198525376,3.2225986
7.5475475475475475,-0.81800164067156,-1.150432460205077,3.271787969282503,3.2692723
7.557557557557557,-0.8293527894306382,-1.117451290240752,3.317189532432769,3.3149166
7.567567567567568,-0.8403715436790059,-1.0840222593555722,3.3612616150960166,3.3595133
7.5775775775775776,-0.8510534872045923,-1.050158765414005,3.403986531410054,3.4030447
7.587587587587588,-0.8613943389621966,-1.0158743808488644,3.4453471475530835,3.4454927
7.597597597597598,-0.8713899545178206,-0.9811828465440734,3.485326903649191,3.486841
7.607607607607608,-0.8810363277625282,-0.9460980664614932,3.523909784327591,3.526515
7.617617617617618,-0.8903295925347262,-0.9106341021130906,3.5610803332088667,3.560206
7.627627627627628,-0.8992660241569507,-0.8748051668977521,3.5968236630073727,3.5933228
7.637637637637638,-0.9078420409129024,-0.8386256203712013,3.6311254621326,3.6283994
7.647647647647648,-0.9160542054637464,-0.802109962450653,3.6639719894932545,3.6625242
7.657657657657658,-0.9238992263110828,-0.7652728277887537,3.695350017185756,3.6955152
7.667667667667668,-0.9313739596812292,-0.7281289811256129,3.7252469394547822,3.7275422
7.677677677677678,-0.938475409903603,-0.6906933094813507,3.753650816266619,3.756518
7.687687687687688,-0.94520073081611,-0.6529808166357907,3.780550275870147,3.781839
7.697697697697698,-0.9515472269748916,-0.6150066172717381,3.8059345427297258,3.8060057
7.707707707707708,-0.9575123547195586,-0.5767859308954558,3.8297934509942326,3.8290086
7.717717717717718,-0.9630937231740454,-0.538334075710292,3.8521174490807617,3.8507223
7.727727727727728,-0.9682890951822416,-0.4996664624453905,3.8728975943970902,3.870335
7.737737737737738,-0.9730963883150052,-0.4607985883349749,3.8921255093792526,3.8888345
7.747747747747748,-0.9775136763574788,-0.4217460318271873,3.9097934661166978,3.9062133
7.757757757757758,-0.981539189035295,-0.3825244448691751,3.925894416990407,3.9224644
7.767767767767768,-0.9851713129841564,-0.3431495470025545,3.940421918563235,3.9384093
7.777777777777778,-0.9884085924714444,-0.3036371191722135,3.953370153521474,3.952041
7.787787787787788,-0.9912497299628306,-0.264002997382505,3.964733939597168,3.9633305
7.797797797797798,-0.9936935866215704,-0.2242630663274253,3.9745087320591144,3.9731903
7.807807807807808,-0.9957391827397932,-0.1844332529969371,3.9826906167667144,3.9827843
7.817817817817818,-0.997385698265676,-0.1445295204462098,3.989276270361488,3.9899433
7.827827827827828,-0.9986324738438528,-0.1045678621989093,3.9942630347126937,3.9936857
7.837837837837838,-0.999479009907526,-0.0645642945260357,3.9976489403858473,3.9955869
7.847847847847848,-0.9999249671883308,-0.0245348503793728,3.999432637301173,3.9967206
7.857857857857858,-0.9999701669289572,0.0155044269414551,3.999613413452564,3.9980617
7.867867867867868,-0.999614590936795,0.055537490230288,3.998191200517572,3.9991055
7.877877877877878,-0.99885838156906,0.0955482948196848,3.995166574134098,3.9965866
7.887887887887888,-0.997701841648904,0.1355208050277675,3.9905407482680686,3.9911814
7.897897897897898,-0.9961454344994736,0.1754390004907172,3.984315551546628,3.9844596
7.907907907907908,-0.9941897844961298,0.2152868821358081,3.9764934690354377,3.9776156
7.917917917917918,-0.991835675565099,0.2550484793502856,3.967077652963452,3.9685664
7.927927927927928,-0.9890840512176612,0.2947078561691104,3.9560718812829254,3.9572396
7.937937937937938,-0.9859360142458404,0.334249117614208,3.943480567169944,3.9412951
7.947947947947948,-0.9823928262614096,0.3736564160724126,3.929308760073049,3.923656
7.957957957957958,-0.9784559071669005,0.4129139576557105,3.913562143821048,3.9069505
7.967967967967968,-0.974126834558307,0.4520060085413024,3.896247030456849,3.893051
7.977977977977978,-0.9694073432699832,0.4909169012084001,3.877370342679536,3.8771367
7.987987987987988,-0.9642993254341564,0.5296310404267787,3.8569396395392497,3.85596
7.997997997997998,-0.958804828404252,0.5681329100079847,3.8349631203489576,3.8335147
8.008008008008009,-0.9529260543198628,0.6064070788722032,3.8114495947418345,3.8098645
8.018018018018019,-0.9466653592945524,0.6444382072000134,3.786408486713772,3.7850175
8.028028028028029,-0.9400252524522484,0.6822110525801867,3.759849832457876,3.7567089
8.038038038038039,-0.933008394897939,0.719710476118089,3.7317842763035736,3.7291408
8.048048048048049,-0.9256175986225564,0.7569214485021801,3.7022230667323193,3.7004163
8.058058058058059,-0.9178558255698552,0.79382905603265,3.671178052939543,3.6690807
8.068068068068069,-0.9097261871907716,0.8304185066190879,3.6386616778073138,3.635256
8.078078078078079,-0.9012319418603356,0.866675135668432,3.604686972359183,3.6031852
8.088088088088089,-0.892376493980215,0.902584411971624,3.5692675524751083,3.567905
8.098098098098099,-0.8831633926783973,0.9381319435257915,3.532417612702305,3.5314853
8.108108108108109,-0.8735963303676676,0.9733034832969956,3.494151920305441,3.4935224
8.118118118118119,-0.863679141242356,1.008084934923298,3.4544858091771515,3.4539433
8.128128128128129,-0.8534157997134516,1.0424623583555972,3.413435148199899,3.4157572
8.138138138138139,-0.8428104190901243,1.0764219749273,3.3710164791293447,3.372715
8.148148148148149,-0.8318672503143759,1.109950175755584,3.3272467772330616,3.3284388
8.158158158158159,-0.8205906795204012,1.1430335220190528,3.282143505835559,3.2831473
8.168168168168169,-0.808985226215267,1.1756587544509909,3.235724800356119,3.2362022
8.178178178178179,-0.797055541687367,1.2078127973014576,3.1880092567770326,3.1845286
8.188188188188189,-0.7848064071200779,1.239482763595676,3.1390159919201475,3.1318798
8.198198198198199,-0.7722427316505178,1.270655960302862,3.088764634500083,3.0813704
8.208208208208209,-0.7593695503734067,1.3013198934154977,3.0372753209424372,3.0313
8.218218218218219,-0.7461920224393885,1.3314622730344423,2.984568703914443,2.9802732
8.228228228228229,-0.7327154294969506,1.3610710186189898,2.930665919179484,2.9294357
8.238238238238239,-0.7189451729224126,1.390134263408406,2.8755885673461026,2.8769302
8.248248248248249,-0.7048867718604077,1.4186403593065997,2.8193587278198935,2.8191686
8.258258258258259,-0.6905458610615874,1.4465778815829784,2.761998931143685,2.7605453
8.268268268268269,-0.6759281882092654,1.47393563320337,2.7035321539936095,2.7010841
8.278278278278279,-0.6610396117768365,1.5007026494306983,2.643981828688338,2.640809
8.288288288288289,-0.6458860988466315,1.5268682023462796,2.583371824342513,2.5797443
8.298298298298299,-0.6304737225337105,1.552421805073191,2.521726431382923,2.517961
8.308308308308309,-0.6148086596961727,1.5773532159875794,2.4590703560614258,2.45551
8.318318318318319,-0.5988971890235976,1.6016524428321786,2.39542871261934,2.3923442
8.328328328328329,-0.5827456876816297,1.6253097467707494,2.330827014757282,2.3284883
8.338338338338339,-0.5663606289892248,1.6483156463308228,2.2652911651733256,2.2646756
8.348348348348349,-0.5497485798431364,1.6706609212486938,2.1988474183779236,2.1980178
8.358358358358359,-0.5329161982042461,1.6923366156677182,2.131522384474438,2.1307063
8.368368368368369,-0.5158702303364912,1.7133340420589929,2.0633430558313637,2.0627675
8.378378378378379,-0.498617508026048,1.7336447849536314,1.994336774536189,1.9926745
8.388388388388389,-0.4811649458494306,1.7532607042118695,1.9245312023916208,1.9222124
8.398398398398399,-0.4635195384888572,1.7721739381546648,1.85395429409513,1.8512037
8.408408408408409,-0.4456883582052194,1.790376906295856,1.7826343280500483,1.7796763
8.418418418418419,-0.4276785515325029,1.8078623130906015,1.7105999069496745,1.7076592
8.428428428428429,-0.4094973365299618,1.824623150679233,1.637879911369784,1.6341667
8.438438438438439,-0.3911519998789748,1.8406527017066137,1.5645034762170753,1.562391
8.448448448448449,-0.3726498942689606,1.8559445415944895,1.4904999942200363,1.4902434
8.458458458458459,-0.3539984352162522,1.8704925414307385,1.4158991332509334,1.415173
8.468468468468469,-0.3352050979671792,1.8842908705885024,1.3407308049080635,1.3394325
8.478478478478479,-0.3162774145505188,1.8973339989864553,1.2650251388247404,1.2634044
8.488488488488489,-0.2972229708642951,1.9096166991936023,1.18881245969052,1.1855291
8.498498498498499,-0.2780494039140562,1.9211340482295087,1.1121233078021389,1.104548
8.508508508508509,-0.2587643982329963,1.931881430080532,1.0349884333869084,1.0287728
8.518518518518519,-0.2393756829524193,1.941854537386404,0.957438757611034,0.9548789
8.528528528528529,-0.2198910286931047,1.951049373175848,0.8795053458208609,0.87618405
8.538538538538539,-0.2003182449833286,1.959462252017452,0.8012194181533219,0.79706824
8.548548548548549,-0.1806651765702792,1.9670898019677063,0.7226123640892959,0.7176455
8.558558558558559,-0.1609397001644705,1.9739289660132335,0.6437157016975821,0.64070594
8.568568568568569,-0.1411497213856044,1.9799770032028932,0.5645610620917606,0.5644764
8.578578578578579,-0.1213031715443212,1.9852314897788343,0.4851801831307973,0.48478696
8.588588588588589,-0.1014080044061219,1.9896903201824887,0.4056048833770645,0.40472966
8.598598598598599,-0.0814721933508846,1.9933517076642613,0.3258670173668083,0.32350165
8.608608608608609,-0.0615037290843171,1.9962141843940364,0.2459985286339374,0.24411102
8.618618618618619,-0.0415106147545767,1.998276603132408,0.1660314460962781,0.16419427
8.62862862862863,-0.0215008633509184,1.9995381372688368,0.0859978127465422,0.08390381
8.63863863863864,-0.0014824945756923,1.999998281065272,0.0059296907918004,0.0035799593
8.64864864864865,0.0185364683406576,1.9996568497972012,-0.0741408501336582,-0.07674536
8.65865865865866,0.0385480018229688,1.9985139797612947,-0.1541816840454054,-0.15703954
8.66866866866867,0.0585440856890003,1.9965701293958915,-0.2341606740022867,-0.23727101
8.67867867867868,0.0785167060385763,1.9938260783798676,-0.3140457832754381,-0.31740683
8.68868868868869,0.0984578581056074,1.9902829265275144,-0.3938050280948229,-0.39741558
8.6986986986987,0.1183595496770421,1.985942093833425,-0.4734064534638739,-0.47726467
8.70870870870871,0.1382138042655763,1.9808053198515612,-0.5528181734516536,-0.5569224
8.71871871871872,0.1580126642695235,1.9748746629334917,-0.6320083725626754,-0.6363565
8.72872872872873,0.1777481942682234,1.968152499580036,-0.7109452524977806,-0.71553576
8.73873873873874,0.1974124849452788,1.960641524745348,-0.7895971453288854,-0.7944279
8.74874874874875,0.2169976551856619,1.9523447489228012,-0.8679325686633895,-0.87138706
8.75875875875876,0.2364958554813638,1.9432654973446797,-0.945920140382694,-0.94773936
8.76876876876877,0.25589927116199,1.9334074087749995,-1.0235286133164392,-1.0246208
8.77877877877878,0.2752001255194641,1.922774434015021,-1.1007268962646943,-1.1023383
8.78878878878879,0.2943906829161173,1.9113708342752056,-1.1774840377618785,-1.179633
8.7987987987988,0.3134632520036577,1.8992011800057744,-1.2537692329247982,-1.2563425
8.80880880880881,0.3324101888224272,1.8862703491315664,-1.3295519080026703,-1.3323809
8.81881881881882,0.351223899670614,1.872583524189905,-1.4048017144071094,-1.4079053
8.82882882882883,0.3698968442453074,1.8581461906849777,-1.4794884964047037,-1.482886
8.83883883883884,0.388421538665598,1.8429641348724937,-1.5535823259242585,-1.5572926
8.84884884884885,0.4067905584726981,1.8270434414172243,-1.6270535130146642,-1.6310947
8.85885885885886,0.4249965416041162,1.810390490968296,-1.6998725921295426,-1.7038887
8.86886886886887,0.4430321913209777,1.7930119580913078,-1.7720103632986983,-1.7755058
8.87887887887888,0.4608902791560533,1.774914808019373,-1.8434379277247976,-1.8464352
8.88888888888889,0.4785636478074157,1.756106293872593,-1.91412666670167,-1.9166484
8.8988988988989,0.4960452139994971,1.7365939538311514,-1.984048254883849,-1.9861175
8.90890890890891,0.5133279713180271,1.7163856080891329,-2.0531746772063517,-2.0548143
8.91891891891892,0.5304049930131208,1.695489355688882,-2.1214782270019703,-2.1227114
8.92892892892893,0.5472694348120757,1.6739135715125166,-2.1889314985959505,-2.1877017
8.93893893893894,0.5639145377147846,1.6516669032645388,-2.255507451728217,-2.2551558
8.94894894894895,0.5803336305731241,1.6287582671736134,-2.3211794235715355,-2.3209882
8.95895895895896,0.596520132813001,1.605196844734578,-2.385921097966316,-2.3877375
8.96896896896897,0.6124675570705429,1.5809920790261396,-2.449706532897956,-2.4538941
8.97897897897898,0.6281695117873985,1.5561536709027872,-2.5125101715432883,-2.5178766
8.98898898898899,0.6436197037692557,1.530691575091339,-2.57430682709587,-2.5766873
8.998998998999,0.6588119408090407,1.5046159966866537,-2.635071712599695,-2.6346276
9.00900900900901,0.6737401340831765,1.477937386650905,-2.694780483732545,-2.695367
9.01901901901902,0.6883983005558433,1.450666437452769,-2.7534092207899254,-2.7573302
9.02902902902903,0.7027805654066624,1.4228140789273829,-2.81093443069376,-2.8182626
9.03903903903904,0.7168811643802377,1.3943914738753165,-2.867333064963266,-2.8709536
9.04904904904905,0.7306944460899001,1.3654100135627527,-2.922582519871072,-2.9256763
9.05905905905906,0.7442148743232663,1.3358813133173368,-2.976660616177956,-2.9795148
9.06906906906907,0.7574370304022557,1.305817208434065,-3.0295456696249463,-3.0324478
9.07907907907908,0.7703556150837946,1.2752297483598805,-3.0812165113730736,-3.0844536
9.08908908908909,0.7829654507648454,1.2441311921903595,-3.131652441491051,-3.1342757
9.0990990990991,0.7952614835633243,1.212534003785485,-3.180833255277338,-3.182534
9.10910910910911,0.8072387853327138,1.180450846739362,-3.228739254928119,-3.2298136
9.11911911911912,0.8188925556236967,1.1478945792623996,-3.2753512582208435,-3.275286
9.12912912912913,0.8302181235916916,1.114878248977183,-3.3206505856182993,-3.3203743
9.13913913913914,0.8412109499838916,1.08141508805883,-3.3646189986154336,-3.3644652
9.14914914914915,0.8518666293753421,1.0475185092651622,-3.4072388472864525,-3.4075413
9.15915915915916,0.8621808911679347,1.0132020981231653,-3.448493105631111,-3.4495854
9.16916916916917,0.8721496015399388,0.9784796082515264,-3.4883652507904013,-3.490581
9.17917917917918,0.8817687651357807,0.9433649559651992,-3.526839309357729,-3.5315557
9.18918918918919,0.8910345266541486,0.907872214670791,-3.563899871275114,-3.569498
9.1991991991992,0.8999431723768704,0.8720156091929248,-3.5995320966489635,-3.6027598
9.20920920920921,0.9084911316375592,0.8358095100331742,-3.633721706597596,-3.6349068
9.21921921921922,0.9166749783865388,0.7992684278796596,-3.666454935405851,-3.6686504
9.22922922922923,0.9244914330774798,0.7624070088238478,-3.697718642486583,-3.6957524
9.23923923923924,0.9319373630543812,0.7252400266286769,-3.727500340789259,-3.7259438
9.24924924924925,0.9390097840891928,0.6877823773766154,-3.755788104287238,-3.7553859
9.25925925925926,0.9457058616210516,0.6500490735898934,-3.7825706024634425,-3.7824936
9.26926926926927,0.952022911877131,0.6120552381881581,-3.807837110910419,-3.808846
9.27927927927928,0.9579584029295048,0.5738160983964916,-3.831577516195269,-3.8328109
9.28928928928929,0.963509955687168,0.5353469796056702,-3.8537823059058463,-3.854507
9.2992992992993,0.9686753449976,0.4966632994794576,-3.874442520235988,-3.874985
9.30930930930931,0.9734525011402176,0.4577805627841289,-3.8935498569590994,-3.8942375
9.31931931931932,0.9778395095880116,0.4187143533941904,-3.9110966983027735,-3.9122555
9.32932932932933,0.9818346120926114,0.3794803285838732,-3.927076020220393,-3.928835
9.33933933933934,0.985436207442278,0.3400942128492376,-3.9414814229386614,-3.9433308
9.34934934934935,0.9886428520866216,0.3005717915881042,-3.9543071394718385,-3.9578547
9.35935935935936,0.9914532606942033,0.2609289047517033,-3.9655480383400254,-3.969473
9.36936936936937,0.9938663066423108,0.2211814404701858,-3.9751996164133847,-3.977941
9.37937937937938,0.995881022627674,0.1813453288475314,-3.9832579644722346,-3.9869561
9.38938938938939,0.9974966017389172,0.1414365362765474,-3.989719837740651,-3.9960341
9.3993993993994,0.99871239658531,0.1014710578216925,-3.9945826743057378,-4.000161
9.40940940940941,0.999527919903851,0.0614649111653214,-3.997844531888048,-4.0035667
9.41941941941942,0.9999428448185484,0.0214341302563662,-3.999504107163608,-4.0061626
9.42942942942943,0.9999570049531894,-0.0186052411302462,-3.9995607405615017,-4.005073
9.43943943943944,0.999570394475594,-0.0586371558409611,-3.9980144168253537,-4.0022087
9.44944944944945,0.998783168072828,-0.0986455697954185,-3.9948657577262345,-3.9978719
9.45945945945946,0.997595641052374,-0.1386144482879328,-3.990115991715161,-3.992065
9.46946946946947,0.996008289959299,-0.178527771831758,-3.9837670093900903,-3.9847906
9.47947947947948,0.9940217511091598,-0.2183695435710176,-3.9758213774653663,-3.976051
9.48948948948949,0.9916368206952866,-0.2581237954046382,-3.966282285060647,-3.9658494
9.4994994994995,0.9888544545423998,-0.2977745943229826,-3.955153557107468,-3.9541914
9.50950950950951,0.9856757677044038,-0.3373060488001831,-3.942439656362604,-3.94108
9.51951951951952,0.9821020339940058,-0.3767023151710827,-3.928145681746683,-3.9265218
9.52952952952953,0.9781346854438304,-0.4159476039903069,-3.912277363211348,-3.9106143
9.53953953953954,0.9737753118969292,-0.4550261863064451,-3.8948410460377865,-3.8954554
9.54954954954955,0.9690256611628116,-0.4939223997067791,-3.8758437126847425,-3.876675
9.55955955955956,0.96388763697791,-0.5326206550288624,-3.8552929867840686,-3.856494
9.56956956956957,0.958363298613494,-0.571105442485239,-3.8331971068946538,-3.83492
9.57957957957958,0.9524548601317951,-0.6093613378495761,-3.8095649294342184,-3.8119612
9.58958958958959,0.9461646894794038,-0.6473730086400782,-3.784405926706554,-3.7876272
9.5995995995996,0.9394953075146104,-0.6851252202661238,-3.7577301831001666,-3.758369
9.60960960960961,0.9324493869685642,-0.722602842135577,-3.729548357905521,-3.731101
9.61961961961962,0.9250297515505526,-0.7597908530570251,-3.69987182839867,-3.701344
9.62962962962963,0.9172393755370386,-0.7966743502116265,-3.668712454075419,-3.669886
9.63963963963964,0.9090813813924152,-0.8332385498353118,-3.6360826463917624,-3.6370718
9.64964964964965,0.9005590387506928,-0.8694687975868369,-3.6019955514728728,-3.6019125
9.65965965965966,0.8916757632349318,-0.9053505728878216,-3.5664648242507564,-3.5673347
9.66966966966967,0.882435115068148,-0.9408694947690344,-3.5295047002607634,-3.529163
9.67967967967968,0.8728407976222496,-0.976011327647797,-3.491129988760474,-3.4911752
9.68968968968969,0.862896655905012,-1.0107619870365112,-3.4513560673301114,-3.4538398
9.6996996996997,0.8526066750964697,-1.0451075452119634,-3.4101988833891475,-3.415345
9.70970970970971,0.8419749795434359,-1.079034236954212,-3.367674937546389,-3.3747807
9.71971971971972,0.8310058304373839,-1.1125284648825615,-3.3238012711245135,-3.3288307
9.72972972972973,0.8197036242643851,-1.1455768049446926,-3.2785954694397237,-3.2816176
9.73973973973974,0.8080728911230981,-1.178166011818292,-3.232075648917292,-3.2331586
9.74974974974975,0.7961182925722353,-1.210283024142236,-3.184260448878411,-3.1834748
9.75975975975976,0.78384461971965,-1.2419149697537957,-3.13516903325798,-3.1332717
9.76976976976977,0.7712567916440335,-1.2730491709542076,-3.08482108168211,-3.085045
9.77977977977978,0.7583598531928584,-1.303673149567251,-3.033236775932626,-3.0329316
9.78978978978979,0.7451589730031519,-1.3337746319338395,-2.980436780768952,-2.9814582
9.7997997997998,0.7316594421031436,-1.3633415535866498,-2.9264422524093945,-2.928791
9.80980980980981,0.7178666710305336,-1.3923620644145085,-2.8712748424825607,-2.87462
9.81981981981982,0.7037861877628164,-1.4208245334161305,-2.814956674421876,-2.8185167
9.82982982982983,0.6894236355707227,-1.4487175533919232,-2.75751031677241,-2.75913
9.83983983983984,0.6747847708077018,-1.476029945163326,-2.6989587674117077,-2.7008114
9.84984984984985,0.659875460611341,-1.5027507619487142,-2.639325494336014,-2.6415124
9.85985985985986,0.6447016804367407,-1.528869294399282,-2.578634420947715,-2.5811496
9.86986986986987,0.6292695116783209,-1.5543750746804,-2.516909883546785,-2.5197468
9.87987987987988,0.6135851392373993,-1.579257880656475,-2.4541765974994796,-2.4573283
9.88988988988989,0.5976548493643927,-1.6035077392950043,-2.390459686255993,-2.3939202
9.8998998998999,0.5814850267818565,-1.6271149314323707,-2.325784705332135,-2.3252945
9.90990990990991,0.5650821521287682,-1.65006999565801,-2.2601775913824675,-2.2617922
9.91991991991992,0.5484527993811475,-1.6723637320606484,-2.1936646381811893,-2.1987658
9.92992992992993,0.5316036333618697,-1.6939872056316074,-2.126272478309053,-2.1311924
9.93993993993994,0.5145414071705626,-1.7149317496444132,-2.058028120029838,-2.062759
9.94994994994995,0.4972729591299267,-1.735188969796369,-1.9889589356887036,-1.9934932
9.95995995995996,0.479805210150783,-1.7547507473558988,-1.9190926176449263,-1.9234221
9.96996996996997,0.4621451609542232,-1.773609242421893,-1.8484571503872569,-1.8525743
9.97997997997998,0.444299889622991,-1.7917568965128008,-1.777080827228098,-1.7809783
9.98998998998999,0.4262765483974743,-1.8091864361601933,-1.7049922686937518,-1.7086626
10.0,0.4080823607786004,-1.825890875866029,-1.668773526612996,-1.6356562
